latitude,longitude,chainage_km,elevation_m,slope_deg,aspect_deg,twi,lithology,daily_rainfall_mm,api_11,soil_moisture,pore_pressure_kpa,factor_of_safety,risk_level
25.75113,91.92758,51.81,804.9,44.91,322.7,8.56,Shillong Quartzite,12.5,166.9,0.605,19.16,0.646,3
25.90669,91.91939,54.2,904.5,43.12,210.8,5.68,Shillong Quartzite,193.7,299.0,0.822,24.0,0.647,3
25.84764,91.89456,65.64,1259.6,42.79,336.4,7.48,Shillong Quartzite,71.2,127.4,0.478,14.53,0.8,3
25.81164,91.94429,50.2,764.2,43.52,124.5,7.65,Weathered Regolith / Phyllite,83.0,222.8,0.634,24.0,0.646,3
25.69213,91.84606,66.09,1283.5,52.72,243.8,7.57,Colluvial Debris,115.6,189.9,0.627,21.2,0.67,3
25.69212,91.8342,42.64,474.7,51.89,73.7,6.67,Granite Gneiss,8.7,108.4,0.427,12.19,0.716,3
25.66568,91.93102,63.3,1266.4,29.72,222.6,7.93,Shillong Quartzite,11.8,68.5,0.364,8.45,1.39,1
25.88387,91.87709,65.43,1276.2,49.46,46.7,7.37,Colluvial Debris,6.2,81.8,0.453,9.64,0.821,3
25.8123,91.93011,45.45,576.5,31.76,0.7,8.52,Weathered Regolith / Phyllite,19.8,62.1,0.25,8.0,1.315,1
25.84118,91.9361,52.91,857.1,41.27,335.4,8.4,Weathered Regolith / Phyllite,51.9,135.8,0.537,15.79,0.797,3
25.65556,91.82812,44.96,617.5,32.74,199.8,8.62,Granite Gneiss,21.0,60.4,0.292,7.87,1.279,1
25.91188,91.93485,61.2,1140.2,36.85,333.7,7.42,Colluvial Debris,3.7,131.6,0.498,14.95,0.931,3
25.87476,91.87828,56.06,939.8,27.58,120.2,10.5,Shillong Quartzite,8.1,80.8,0.38,10.78,1.42,1
25.70733,91.88636,59.06,1090.3,45.45,118.0,8.49,Weathered Regolith / Phyllite,23.2,84.2,0.422,10.34,0.866,3
25.69909,91.90146,45.89,638.8,45.56,144.2,6.84,Granite Gneiss,24.5,89.3,0.381,10.22,0.867,3
25.69952,91.94043,46.35,668.1,52.89,254.2,6.33,Weathered Regolith / Phyllite,24.1,148.7,0.476,16.33,0.671,3
25.73215,91.82249,41.24,442.1,44.1,203.7,7.07,Shillong Quartzite,2.2,94.4,0.399,10.86,0.877,3
25.79168,91.88199,49.66,757.2,28.22,333.1,8.06,Weathered Regolith / Phyllite,39.2,139.8,0.557,16.08,1.209,2
25.76663,91.9094,56.79,1019.3,46.09,9.2,8.47,Colluvial Debris,67.2,147.9,0.521,17.1,0.665,3
25.72863,91.91395,65.74,1308.1,36.34,255.0,8.59,Shillong Quartzite,20.0,108.7,0.398,12.98,1.004,2
25.8152,91.91003,60.01,1153.1,41.51,118.9,8.63,Colluvial Debris,35.5,99.8,0.395,12.06,0.897,3
25.68766,91.83748,53.06,883.2,32.6,64.9,7.35,Weathered Regolith / Phyllite,68.7,159.6,0.543,17.89,0.975,3
25.72888,91.85892,68.59,1476.1,50.58,183.7,7.61,Weathered Regolith / Phyllite,142.3,228.3,0.689,24.0,0.658,3
25.74892,91.86663,61.58,1191.9,38.72,181.8,7.16,Colluvial Debris,31.4,163.3,0.54,18.22,0.788,3
25.77314,91.92458,67.9,1299.6,35.2,49.3,6.54,Weathered Regolith / Phyllite,35.8,100.7,0.443,11.32,1.088,2
25.862,91.85624,55.83,938.0,49.07,72.7,7.89,Shillong Quartzite,8.4,86.3,0.453,10.32,0.807,3
25.70391,91.84739,47.77,607.1,35.98,146.9,6.69,Weathered Regolith / Phyllite,24.5,61.2,0.355,7.18,1.185,2
25.78884,91.94447,41.58,429.9,47.37,147.2,7.91,Granite Gneiss,51.7,157.0,0.552,17.85,0.648,3
25.80995,91.82115,61.78,1147.5,39.74,114.3,8.13,Weathered Regolith / Phyllite,69.9,151.8,0.557,17.38,0.787,3
25.66254,91.94972,43.64,562.1,38.52,53.5,8.61,Weathered Regolith / Phyllite,63.7,142.6,0.521,16.59,0.84,3
25.81404,91.90799,49.08,700.3,32.64,1.6,6.8,Shillong Quartzite,27.1,134.9,0.485,15.05,1.062,3
25.69604,91.9277,55.97,1014.9,47.65,349.3,8.21,Weathered Regolith / Phyllite,15.4,134.5,0.455,15.57,0.681,3
25.66756,91.8583,56.93,965.9,51.76,339.7,9.58,Weathered Regolith / Phyllite,27.3,76.2,0.326,9.92,0.783,3
25.9062,91.82186,58.02,1019.1,40.1,174.1,8.68,Granite Gneiss,14.4,87.2,0.373,10.74,0.967,3
25.91072,91.91592,44.99,525.0,49.44,358.2,8.06,Shillong Quartzite,51.0,146.6,0.516,16.8,0.653,3
25.86827,91.92844,51.39,856.5,33.1,242.5,8.4,Weathered Regolith / Phyllite,18.4,110.3,0.47,13.08,1.106,3
25.73225,91.91626,58.52,1111.2,41.33,24.8,7.49,Shillong Quartzite,64.8,164.7,0.54,18.49,0.72,3
25.67637,91.83857,69.09,1413.0,34.79,42.4,8.52,Colluvial Debris,20.0,133.5,0.462,15.59,0.974,3
25.83474,91.91795,61.83,1104.8,46.93,329.8,8.07,Weathered Regolith / Phyllite,30.2,146.7,0.516,16.82,0.658,3
25.76884,91.91996,67.68,1360.4,37.08,226.8,8.18,Shillong Quartzite,309.4,385.9,0.85,24.0,0.671,3
25.68295,91.90561,62.87,1209.6,43.16,303.5,8.4,Granite Gneiss,115.0,196.5,0.591,22.24,0.647,3
25.7837,91.9196,57.75,995.9,46.83,323.4,7.37,Weathered Regolith / Phyllite,37.4,111.0,0.398,12.75,0.774,3
25.65928,91.92997,45.76,695.7,50.61,161.3,6.06,Weathered Regolith / Phyllite,4.2,101.7,0.431,11.23,0.76,3
25.89552,91.89977,60.0,1173.0,49.98,17.5,7.54,Shillong Quartzite,51.1,221.0,0.663,24.0,0.655,3
25.71987,91.83152,58.7,984.6,27.62,67.8,7.52,Granite Gneiss,25.4,94.8,0.438,11.08,1.407,1
25.82888,91.88339,58.07,986.4,45.12,24.0,7.25,Weathered Regolith / Phyllite,77.9,190.3,0.612,21.12,0.646,3
25.73416,91.83009,54.69,932.6,42.28,67.9,5.59,Granite Gneiss,56.3,113.2,0.428,12.26,0.874,3
25.79042,91.87298,55.86,912.2,42.21,147.8,7.35,Shillong Quartzite,111.0,207.7,0.592,23.01,0.649,3
25.79761,91.87292,50.03,758.5,45.21,42.6,8.37,Weathered Regolith / Phyllite,4.1,97.4,0.397,11.69,0.832,3
25.69991,91.82858,55.58,945.7,34.03,60.0,8.07,Shillong Quartzite,25.7,83.1,0.326,10.06,1.165,2
25.91179,91.86535,45.93,605.9,45.86,160.5,5.38,Colluvial Debris,20.5,133.3,0.424,14.31,0.747,3
25.85929,91.83443,64.16,1286.2,36.42,122.5,7.79,Weathered Regolith / Phyllite,5.2,90.0,0.44,10.68,1.069,2
25.90366,91.92507,45.57,667.4,30.71,168.4,7.49,Shillong Quartzite,3.9,46.5,0.265,5.93,1.425,1
25.8916,91.9432,42.55,505.1,46.93,154.5,7.44,Shillong Quartzite,119.5,207.5,0.674,23.02,0.647,3
25.81143,91.8294,53.09,809.6,47.5,232.0,7.22,Weathered Regolith / Phyllite,1.4,121.6,0.405,13.81,0.733,3
25.89891,91.94416,59.75,1097.0,48.29,337.4,8.73,Weathered Regolith / Phyllite,57.9,125.4,0.429,14.81,0.692,3
25.67389,91.88793,53.13,836.2,39.38,38.8,5.92,Weathered Regolith / Phyllite,46.1,131.1,0.438,14.3,0.884,3
25.70292,91.85894,48.3,770.3,49.67,35.7,7.87,Weathered Regolith / Phyllite,43.1,103.1,0.436,12.1,0.748,3
25.66221,91.82999,56.75,1013.8,46.13,307.0,8.47,Weathered Regolith / Phyllite,0.5,85.8,0.389,10.5,0.849,3
25.73784,91.88508,50.41,780.5,47.24,182.3,8.93,Granite Gneiss,1.4,122.7,0.399,14.61,0.715,3
25.75494,91.92329,67.99,1405.5,47.81,275.9,6.44,Colluvial Debris,22.3,120.1,0.39,13.33,0.742,3
25.72326,91.91192,67.68,1367.2,38.6,77.6,7.87,Weathered Regolith / Phyllite,145.3,199.1,0.639,22.3,0.674,3
25.87376,91.82653,55.07,977.6,36.96,298.4,6.03,Weathered Regolith / Phyllite,11.7,73.5,0.396,8.22,1.125,2
25.74632,91.82948,49.84,721.4,43.22,332.6,7.63,Weathered Regolith / Phyllite,11.8,65.0,0.375,7.96,0.975,3
25.72585,91.87237,62.11,1212.4,50.68,228.8,6.08,Weathered Regolith / Phyllite,101.5,171.4,0.528,18.65,0.658,3
25.79653,91.85839,41.1,502.2,42.35,38.1,8.56,Weathered Regolith / Phyllite,31.4,110.0,0.407,13.11,0.849,3
25.68805,91.85021,54.24,865.9,41.55,322.3,6.34,Weathered Regolith / Phyllite,29.1,112.6,0.449,12.5,0.884,3
25.86659,91.85653,50.09,766.6,45.51,285.3,7.58,Colluvial Debris,106.1,158.7,0.553,17.9,0.653,3
25.67013,91.92445,67.62,1383.2,36.79,270.3,7.91,Weathered Regolith / Phyllite,17.6,104.2,0.419,12.24,1.013,2
25.91646,91.9408,40.36,369.6,49.14,13.2,8.97,Shillong Quartzite,30.8,94.4,0.373,11.62,0.77,3
25.85851,91.87266,56.58,925.7,37.53,287.6,8.22,Weathered Regolith / Phyllite,19.0,108.2,0.437,12.78,0.976,3
25.70365,91.93779,62.22,1141.1,47.04,49.7,6.88,Weathered Regolith / Phyllite,31.4,90.3,0.385,10.34,0.838,3
25.65149,91.86179,54.55,907.2,47.21,80.1,6.71,Colluvial Debris,47.4,126.5,0.466,14.13,0.729,3
25.87017,91.88194,42.56,506.4,46.21,207.8,6.26,Weathered Regolith / Phyllite,94.0,189.8,0.633,20.67,0.646,3
25.84085,91.84938,69.17,1406.3,44.9,95.4,8.23,Colluvial Debris,26.8,106.4,0.458,12.59,0.813,3
25.84683,91.90326,55.54,1021.1,34.08,238.1,8.44,Weathered Regolith / Phyllite,53.8,130.9,0.482,15.28,1.006,3
25.85824,91.94727,58.43,1085.9,49.91,218.9,7.67,Shillong Quartzite,64.6,112.6,0.44,13.04,0.718,3
25.66999,91.89845,47.1,666.5,25.66,38.9,6.45,Colluvial Debris,13.8,120.5,0.439,13.38,1.436,1
25.74679,91.86652,54.5,890.5,41.46,236.2,8.37,Weathered Regolith / Phyllite,5.3,76.1,0.353,9.43,0.972,3
25.68128,91.90422,52.87,853.4,44.95,332.6,7.93,Weathered Regolith / Phyllite,47.7,154.3,0.55,17.57,0.673,3
25.88304,91.83598,42.25,522.7,40.9,58.0,9.19,Granite Gneiss,6.7,159.1,0.55,18.58,0.727,3
25.81829,91.93553,43.18,548.3,38.02,214.9,8.03,Weathered Regolith / Phyllite,142.4,297.3,0.812,24.0,0.665,3
25.73934,91.8854,65.12,1315.7,44.17,123.1,7.04,Shillong Quartzite,0.6,126.8,0.435,14.28,0.779,3
25.66716,91.87842,47.19,639.7,46.58,165.5,7.19,Weathered Regolith / Phyllite,71.2,178.7,0.548,19.86,0.647,3
25.73397,91.89616,45.85,583.8,47.71,103.3,6.43,Weathered Regolith / Phyllite,24.9,103.2,0.453,11.54,0.794,3
25.7378,91.90122,55.15,873.1,45.65,127.5,8.11,Weathered Regolith / Phyllite,152.2,220.1,0.598,24.0,0.646,3
25.84699,91.82933,63.06,1228.3,44.81,10.4,8.1,Colluvial Debris,14.2,69.5,0.279,8.63,0.925,3
25.82214,91.90874,41.86,404.3,47.36,353.4,6.55,Weathered Regolith / Phyllite,134.2,202.7,0.601,22.16,0.648,3
25.88955,91.85145,57.3,1005.0,44.12,224.9,6.48,Weathered Regolith / Phyllite,7.2,84.0,0.395,9.52,0.914,3
25.7775,91.91281,43.58,508.4,34.53,180.3,6.37,Shillong Quartzite,8.6,79.0,0.343,8.94,1.181,2
25.68229,91.92693,41.09,447.2,34.78,138.1,9.11,Weathered Regolith / Phyllite,1.5,71.4,0.304,9.23,1.164,2
25.84258,91.92451,41.58,502.0,41.58,194.2,6.88,Weathered Regolith / Phyllite,79.0,244.3,0.732,24.0,0.65,3
25.85541,91.89183,65.02,1330.0,34.88,136.8,7.5,Weathered Regolith / Phyllite,92.1,202.2,0.641,22.48,0.765,3
25.80154,91.88762,43.54,552.0,27.02,129.6,7.6,Granite Gneiss,169.3,294.7,0.85,24.0,0.993,3
25.85816,91.83857,41.35,416.8,48.0,167.0,7.23,Shillong Quartzite,32.6,158.9,0.584,17.78,0.649,3
25.78332,91.92079,53.14,858.9,51.39,99.4,7.89,Weathered Regolith / Phyllite,58.1,160.1,0.581,18.16,0.662,3
25.79114,91.85528,65.32,1251.2,37.4,64.8,8.85,Weathered Regolith / Phyllite,30.6,121.6,0.47,14.46,0.93,3
25.76544,91.88457,47.87,649.4,38.26,200.4,6.79,Shillong Quartzite,23.1,113.5,0.426,12.78,0.956,3
25.65686,91.85696,52.65,862.1,36.87,303.4,8.33,Granite Gneiss,34.7,84.6,0.383,10.31,1.066,2
25.67913,91.8374,41.2,403.0,42.28,55.0,7.25,Weathered Regolith / Phyllite,38.9,134.5,0.459,15.19,0.792,3
25.65849,91.90184,53.47,853.4,34.92,11.8,9.57,Weathered Regolith / Phyllite,5.8,99.5,0.434,12.4,1.065,2
25.82183,91.82706,57.33,963.7,38.26,88.9,7.23,Weathered Regolith / Phyllite,3.3,52.3,0.275,6.45,1.138,2
25.73488,91.91732,57.13,1025.8,45.44,352.7,5.37,Shillong Quartzite,2.2,93.0,0.354,10.03,0.874,3
25.78731,91.86129,49.97,734.6,33.8,298.4,8.01,Colluvial Debris,13.1,118.2,0.478,13.76,1.061,3
25.89504,91.82002,49.47,642.7,39.53,214.5,6.6,Weathered Regolith / Phyllite,19.3,124.7,0.397,13.89,0.892,3
25.71731,91.88645,43.2,577.3,31.53,334.5,6.24,Weathered Regolith / Phyllite,26.8,138.5,0.461,15.21,1.098,3
25.7608,91.82609,51.0,825.7,32.24,160.3,8.53,Weathered Regolith / Phyllite,176.2,282.0,0.824,24.0,0.799,3
25.854,91.8559,42.98,423.9,30.8,354.0,8.68,Weathered Regolith / Phyllite,11.2,86.0,0.366,10.61,1.272,1
25.71178,91.91191,63.0,1234.3,42.64,106.7,7.55,Weathered Regolith / Phyllite,40.1,125.8,0.452,14.39,0.807,3
25.67078,91.82815,68.99,1475.5,39.18,86.5,8.22,Colluvial Debris,91.0,162.3,0.495,18.53,0.768,3
25.72823,91.92911,69.1,1411.1,25.97,229.7,8.38,Weathered Regolith / Phyllite,7.0,97.6,0.356,11.73,1.477,1
25.69353,91.8205,65.95,1314.3,40.29,136.1,8.06,Granite Gneiss,26.7,174.4,0.556,19.75,0.707,3
25.90102,91.85209,58.02,1018.1,30.85,225.5,8.33,Weathered Regolith / Phyllite,95.7,187.2,0.532,21.22,0.933,3
25.86819,91.91632,61.03,1156.7,50.23,109.8,7.8,Granite Gneiss,3.7,77.0,0.349,9.3,0.82,3
25.82102,91.86112,48.56,740.8,45.64,222.5,6.61,Shillong Quartzite,19.8,131.3,0.514,14.59,0.743,3
25.88529,91.83325,58.92,1014.7,47.18,99.3,6.81,Weathered Regolith / Phyllite,85.0,206.6,0.676,22.68,0.647,3
25.86699,91.86683,53.67,850.2,45.59,18.3,7.39,Colluvial Debris,10.8,114.8,0.454,13.15,0.785,3
25.70037,91.85515,54.46,910.2,40.3,328.4,7.59,Weathered Regolith / Phyllite,122.8,253.7,0.746,24.0,0.654,3
25.89099,91.92955,62.73,1208.1,46.01,318.0,8.24,Shillong Quartzite,51.5,148.2,0.503,17.04,0.668,3
25.79562,91.86074,48.46,712.3,36.51,349.5,7.5,Colluvial Debris,36.7,133.1,0.475,15.14,0.936,3
25.86801,91.92256,49.54,726.2,41.05,257.9,6.6,Weathered Regolith / Phyllite,17.4,90.4,0.345,10.25,0.959,3
25.89194,91.93594,67.74,1335.6,32.13,245.8,7.29,Shillong Quartzite,67.2,145.2,0.477,16.35,1.04,3
25.73586,91.8764,41.69,498.4,52.2,201.2,6.44,Granite Gneiss,10.1,69.1,0.272,7.92,0.836,3
25.67971,91.93829,54.57,861.1,29.87,45.3,8.71,Colluvial Debris,39.3,149.1,0.542,17.33,1.096,3
25.71154,91.86905,67.38,1338.7,39.52,68.1,7.68,Granite Gneiss,18.0,149.9,0.506,17.0,0.803,3
25.76532,91.94533,58.31,1041.6,34.43,104.2,8.47,Weathered Regolith / Phyllite,64.1,104.7,0.482,12.51,1.078,2
25.87086,91.83161,56.39,993.1,52.21,320.5,7.09,Shillong Quartzite,44.7,119.1,0.421,13.49,0.675,3
25.8824,91.90931,47.49,650.6,40.62,62.3,8.8,Granite Gneiss,64.9,144.9,0.499,16.92,0.78,3
25.65188,91.8842,50.3,790.6,34.17,332.2,9.64,Shillong Quartzite,6.8,109.3,0.446,13.47,1.057,2
25.7879,91.87039,65.56,1344.7,44.16,188.2,8.03,Colluvial Debris,30.9,86.0,0.384,10.35,0.89,3
25.7627,91.90225,56.78,962.3,49.73,257.6,8.39,Weathered Regolith / Phyllite,37.6,101.3,0.4,12.12,0.747,3
25.70997,91.9115,55.44,956.1,40.31,39.7,7.75,Weathered Regolith / Phyllite,38.0,95.1,0.453,11.2,0.949,3
25.68236,91.82057,42.99,514.4,32.83,96.9,9.29,Shillong Quartzite,83.2,210.5,0.61,24.0,0.78,3
25.74116,91.8417,40.48,403.2,35.83,345.1,8.77,Colluvial Debris,0.3,144.5,0.521,16.86,0.905,3
25.90459,91.9127,68.91,1335.6,48.49,95.8,9.29,Shillong Quartzite,8.5,50.5,0.275,7.08,0.907,3
25.73726,91.90663,51.31,810.0,46.71,106.7,7.82,Colluvial Debris,10.9,92.3,0.378,10.93,0.827,3
25.79007,91.94559,58.1,1051.9,36.12,71.1,8.6,Colluvial Debris,53.5,84.4,0.375,10.41,1.086,2
25.83982,91.91893,42.39,527.2,38.65,46.5,7.9,Colluvial Debris,51.5,168.3,0.546,19.04,0.766,3
25.74818,91.9436,60.49,1103.9,43.26,84.0,6.92,Colluvial Debris,3.1,78.3,0.346,9.09,0.943,3
25.91238,91.91133,67.98,1352.5,46.12,231.2,7.13,Colluvial Debris,83.8,165.6,0.489,18.44,0.646,3
25.90986,91.85875,57.27,967.9,44.18,163.9,8.7,Granite Gneiss,5.6,83.9,0.397,10.39,0.888,3
25.71798,91.8337,43.78,412.5,45.19,199.4,5.83,Shillong Quartzite,15.0,117.1,0.382,12.77,0.802,3
25.78426,91.92164,57.45,994.6,35.11,44.1,8.15,Weathered Regolith / Phyllite,6.8,67.9,0.381,8.48,1.175,2
25.73124,91.90374,62.99,1315.3,48.03,288.8,7.11,Weathered Regolith / Phyllite,55.1,107.4,0.413,12.26,0.768,3
25.72691,91.82626,52.19,877.6,52.8,282.3,6.98,Weathered Regolith / Phyllite,38.7,128.9,0.497,14.49,0.67,3
25.65996,91.86681,66.4,1284.1,43.27,7.8,8.69,Weathered Regolith / Phyllite,86.4,142.1,0.405,16.58,0.733,3
25.81458,91.94438,59.46,1060.5,40.21,138.1,8.69,Weathered Regolith / Phyllite,32.1,118.6,0.439,14.07,0.87,3
25.78572,91.88505,66.98,1323.4,28.89,24.8,8.41,Colluvial Debris,5.7,146.4,0.502,16.91,1.151,2
25.6639,91.87625,58.71,1110.6,39.64,285.2,7.09,Shillong Quartzite,13.5,122.3,0.417,13.83,0.891,3
25.72523,91.8795,43.94,626.8,26.46,265.4,8.2,Weathered Regolith / Phyllite,13.3,106.6,0.445,12.6,1.418,1
25.89523,91.84715,49.29,728.8,38.74,324.7,7.54,Granite Gneiss,7.6,149.1,0.486,16.85,0.827,3
25.71468,91.86793,46.05,622.4,29.54,85.1,7.73,Shillong Quartzite,58.5,134.3,0.444,15.36,1.173,2
25.68912,91.86808,67.26,1375.1,46.74,164.3,6.09,Weathered Regolith / Phyllite,31.8,153.8,0.505,16.78,0.663,3
25.78215,91.82681,62.81,1197.8,30.15,66.4,8.22,Colluvial Debris,9.2,95.1,0.424,11.4,1.275,1
25.91613,91.91978,60.29,1121.5,39.3,133.6,7.2,Weathered Regolith / Phyllite,7.8,74.2,0.353,8.77,1.043,2
25.71535,91.87415,49.03,717.9,42.78,188.0,8.05,Shillong Quartzite,0.5,75.0,0.359,9.19,0.95,3
25.83148,91.92688,45.52,612.4,27.67,19.2,7.7,Weathered Regolith / Phyllite,11.9,64.2,0.349,7.91,1.513,1
25.85564,91.93055,62.69,1114.2,37.9,257.4,7.63,Shillong Quartzite,20.9,86.2,0.362,10.21,1.04,2
25.71416,91.84756,54.22,878.7,52.56,195.6,5.55,Granite Gneiss,101.5,145.7,0.538,15.7,0.669,3
25.84662,91.90546,46.77,589.7,32.45,298.4,9.88,Weathered Regolith / Phyllite,33.8,134.2,0.489,16.21,1.033,3
25.7493,91.8814,58.5,1075.1,35.86,97.8,7.91,Colluvial Debris,14.9,112.6,0.458,13.13,1.014,3
25.82072,91.93442,41.21,410.9,41.41,325.2,5.69,Weathered Regolith / Phyllite,10.6,116.9,0.409,12.7,0.881,3
25.82105,91.84805,49.79,679.9,39.09,359.5,7.88,Shillong Quartzite,78.3,207.0,0.639,23.15,0.66,3
25.79466,91.90812,54.06,820.4,50.68,330.9,8.38,Colluvial Debris,8.5,52.6,0.33,6.94,0.882,3
25.67438,91.89901,44.44,573.3,46.3,280.0,8.22,Colluvial Debris,14.2,108.1,0.484,12.78,0.782,3
25.87553,91.85839,69.54,1396.7,43.41,292.5,8.13,Weathered Regolith / Phyllite,13.5,63.8,0.358,8.03,0.97,3
25.73661,91.83776,46.27,614.0,27.85,206.5,6.99,Weathered Regolith / Phyllite,7.7,55.9,0.342,6.74,1.542,1
25.70036,91.90471,43.91,600.2,38.66,68.5,8.19,Granite Gneiss,6.9,67.6,0.273,8.45,1.069,2
25.66101,91.91602,46.11,628.7,46.32,243.7,8.21,Weathered Regolith / Phyllite,10.1,85.0,0.356,10.32,0.851,3
25.80954,91.86103,63.07,1187.1,39.49,256.6,7.94,Shillong Quartzite,55.9,141.6,0.514,16.22,0.826,3
25.83294,91.90383,52.77,799.8,34.56,354.7,9.04,Granite Gneiss,40.8,188.5,0.545,21.64,0.8,3
25.65448,91.87137,56.96,1011.1,39.34,194.9,7.12,Shillong Quartzite,32.0,175.6,0.582,19.51,0.736,3
25.78827,91.91272,40.63,416.9,40.88,97.7,6.94,Weathered Regolith / Phyllite,17.1,67.0,0.314,7.89,1.029,2
25.71115,91.8459,41.03,459.3,32.85,246.1,9.01,Shillong Quartzite,19.8,106.5,0.403,12.92,1.12,2
25.8242,91.93573,53.37,772.8,44.63,352.6,7.9,Colluvial Debris,8.7,112.3,0.43,13.09,0.804,3
25.69708,91.85736,64.5,1303.0,31.69,63.8,5.8,Shillong Quartzite,2.2,106.8,0.429,11.67,1.202,2
25.83655,91.86781,66.56,1261.0,36.99,117.4,7.44,Granite Gneiss,11.3,131.9,0.5,15.0,0.926,3
25.75442,91.82755,42.6,471.7,34.66,195.1,8.9,Weathered Regolith / Phyllite,110.2,181.3,0.536,20.83,0.821,3
25.90292,91.8345,56.15,1020.9,47.88,61.3,5.5,Weathered Regolith / Phyllite,1.7,109.7,0.459,11.85,0.782,3
25.68713,91.88706,67.4,1269.5,34.42,8.0,5.72,Weathered Regolith / Phyllite,2.6,96.9,0.418,10.58,1.136,2
25.74209,91.85479,51.64,803.9,32.45,121.3,7.39,Shillong Quartzite,8.5,80.4,0.347,9.5,1.24,2
25.68064,91.92861,64.89,1260.1,36.81,311.5,9.04,Weathered Regolith / Phyllite,12.8,87.3,0.41,10.9,1.051,2
25.89967,91.82191,44.01,539.2,35.16,15.6,9.05,Shillong Quartzite,14.0,126.8,0.392,15.09,0.977,3
25.88688,91.86928,68.06,1396.4,49.73,154.4,7.45,Granite Gneiss,3.5,155.9,0.53,17.54,0.654,3
25.71964,91.86385,62.54,1189.6,35.49,274.4,8.04,Granite Gneiss,7.2,90.4,0.357,10.82,1.093,2
25.8282,91.82251,68.24,1334.8,51.12,343.1,6.88,Weathered Regolith / Phyllite,148.5,214.4,0.61,23.53,0.661,3
25.87065,91.83617,60.3,1114.3,37.95,354.8,7.05,Granite Gneiss,2.0,60.8,0.254,7.28,1.123,2
25.7999,91.87377,50.9,780.8,46.22,151.9,8.35,Shillong Quartzite,11.1,90.1,0.403,10.91,0.836,3
25.79301,91.88407,68.15,1382.7,34.57,342.1,6.55,Weathered Regolith / Phyllite,2.1,117.0,0.458,13.05,1.057,3
25.7153,91.87256,48.27,772.8,48.95,12.8,7.4,Weathered Regolith / Phyllite,34.0,88.6,0.423,10.37,0.808,3
25.67514,91.88902,49.97,802.3,42.0,268.5,8.01,Shillong Quartzite,13.7,152.7,0.543,17.43,0.735,3
25.89225,91.89737,61.02,1208.9,33.3,231.4,6.58,Weathered Regolith / Phyllite,11.1,47.3,0.272,5.66,1.325,1
25.89311,91.82129,62.96,1217.3,50.06,89.8,7.44,Weathered Regolith / Phyllite,3.8,85.9,0.478,10.1,0.8,3
25.82094,91.88033,67.88,1447.3,35.42,182.6,8.1,Weathered Regolith / Phyllite,151.5,193.4,0.646,21.79,0.771,3
25.74154,91.94525,46.14,580.8,38.8,46.6,8.4,Weathered Regolith / Phyllite,7.4,118.9,0.396,14.0,0.907,3
25.74429,91.88747,63.94,1223.5,44.03,313.8,6.8,Colluvial Debris,118.0,211.8,0.641,23.22,0.646,3
25.84601,91.90808,62.16,1152.3,34.0,128.8,7.37,Granite Gneiss,50.5,169.1,0.561,18.92,0.899,3
25.89222,91.86054,41.91,447.1,26.29,225.4,8.45,Shillong Quartzite,0.4,70.5,0.325,8.87,1.559,1
25.88951,91.92062,51.62,808.2,50.28,57.2,9.06,Colluvial Debris,26.9,173.8,0.645,20.1,0.657,3
25.86057,91.92048,48.48,705.1,35.13,74.2,7.05,Shillong Quartzite,8.3,61.2,0.303,7.32,1.209,2
25.82335,91.88777,49.13,737.0,29.69,357.1,9.85,Granite Gneiss,3.1,159.1,0.515,18.85,1.053,3
25.67272,91.94688,69.49,1501.9,43.53,271.1,8.16,Weathered Regolith / Phyllite,34.2,127.9,0.491,14.85,0.776,3
25.69364,91.83632,59.28,1013.9,39.23,346.3,8.63,Shillong Quartzite,4.0,43.9,0.281,6.12,1.121,2
25.89261,91.8222,61.53,1105.4,39.04,106.5,6.28,Weathered Regolith / Phyllite,16.4,87.6,0.364,9.82,1.02,2
25.81374,91.92012,69.3,1327.8,40.53,59.2,7.15,Weathered Regolith / Phyllite,28.0,136.7,0.567,15.39,0.825,3
25.65248,91.92493,51.32,762.4,48.02,181.1,5.75,Weathered Regolith / Phyllite,22.6,112.2,0.488,12.23,0.769,3
25.6774,91.83563,64.06,1224.2,43.88,178.1,7.26,Weathered Regolith / Phyllite,106.4,228.3,0.626,24.0,0.646,3
25.82915,91.85453,53.04,828.3,29.57,63.0,9.79,Weathered Regolith / Phyllite,43.1,174.2,0.638,20.43,1.007,3
25.65137,91.82228,66.09,1267.5,27.32,264.0,6.83,Weathered Regolith / Phyllite,41.7,159.5,0.524,17.68,1.197,2
25.69342,91.85813,45.42,593.3,47.37,130.2,7.64,Granite Gneiss,12.3,58.2,0.354,7.25,0.92,3
25.79816,91.92051,68.43,1379.6,54.14,67.1,5.05,Weathered Regolith / Phyllite,0.2,110.2,0.502,11.73,0.704,3
25.83681,91.88733,46.56,594.3,42.99,119.5,8.18,Granite Gneiss,37.1,139.6,0.52,16.11,0.752,3
25.82603,91.86525,49.79,748.6,38.77,202.9,6.84,Shillong Quartzite,309.6,365.1,0.85,24.0,0.661,3
25.71055,91.86833,62.69,1171.1,41.76,261.5,6.42,Shillong Quartzite,14.6,118.5,0.475,13.15,0.861,3
25.84229,91.82018,51.81,859.7,40.77,173.5,7.26,Weathered Regolith / Phyllite,118.6,235.4,0.723,24.0,0.653,3
25.71406,91.85897,58.25,1032.1,40.84,189.2,8.41,Colluvial Debris,4.3,72.2,0.379,9.04,0.998,2
25.73786,91.90404,53.34,852.8,44.09,50.0,6.21,Weathered Regolith / Phyllite,9.8,207.3,0.586,22.51,0.646,3
25.85155,91.94665,62.27,1190.0,40.04,329.3,6.92,Shillong Quartzite,5.2,118.0,0.431,13.3,0.896,3
25.8254,91.93012,46.85,559.5,34.87,334.3,5.76,Shillong Quartzite,18.1,125.5,0.413,13.64,1.029,3
25.87929,91.82307,41.75,509.9,46.61,246.0,9.03,Weathered Regolith / Phyllite,44.6,100.9,0.395,12.33,0.79,3
25.82756,91.93681,49.0,746.3,36.99,6.3,8.08,Weathered Regolith / Phyllite,84.1,169.0,0.57,19.19,0.804,3
25.80344,91.92182,54.23,866.3,39.34,193.3,8.32,Weathered Regolith / Phyllite,66.3,146.3,0.496,16.87,0.811,3
25.67529,91.92145,45.04,531.2,46.16,226.5,7.91,Colluvial Debris,22.0,135.4,0.472,15.54,0.707,3
25.74928,91.87954,50.64,732.1,46.6,358.1,6.32,Granite Gneiss,17.5,95.9,0.337,10.72,0.835,3
25.7216,91.87174,52.0,763.6,47.56,358.6,7.72,Colluvial Debris,43.3,97.6,0.374,11.46,0.798,3
25.71588,91.85938,41.72,392.4,44.93,308.7,6.32,Weathered Regolith / Phyllite,3.0,51.5,0.36,6.0,0.997,2
25.91271,91.82854,57.5,954.8,45.4,23.0,7.29,Weathered Regolith / Phyllite,165.0,297.3,0.812,24.0,0.646,3
25.75614,91.84967,66.53,1222.7,37.7,343.2,8.0,Weathered Regolith / Phyllite,7.8,101.4,0.389,11.98,0.994,2
25.89085,91.85206,44.55,544.8,32.13,220.6,8.18,Colluvial Debris,9.2,155.7,0.532,17.81,0.995,3
25.82041,91.88293,57.93,1022.2,27.54,288.3,6.9,Weathered Regolith / Phyllite,166.1,279.4,0.81,24.0,0.971,3
25.8646,91.91717,59.94,1149.2,45.33,146.6,5.65,Weathered Regolith / Phyllite,65.0,123.0,0.445,13.33,0.784,3
25.78571,91.8816,52.58,879.8,42.49,115.1,8.43,Colluvial Debris,24.2,109.1,0.364,12.96,0.85,3
25.80576,91.82752,61.03,1106.8,33.22,166.8,8.57,Shillong Quartzite,29.3,94.6,0.41,11.48,1.151,2
25.78298,91.94451,52.32,821.4,41.45,52.9,6.15,Shillong Quartzite,42.0,78.2,0.429,8.77,0.991,2
25.70272,91.94255,55.14,974.0,32.85,128.5,6.73,Weathered Regolith / Phyllite,164.8,258.5,0.822,24.0,0.78,3
25.84506,91.92207,40.22,389.8,48.16,308.7,8.55,Shillong Quartzite,49.2,122.8,0.422,14.47,0.704,3
25.72581,91.94887,60.75,1133.1,47.81,13.7,8.16,Colluvial Debris,15.2,132.6,0.488,15.35,0.685,3
25.65657,91.89078,59.84,1070.2,47.23,54.3,9.48,Shillong Quartzite,5.4,99.0,0.499,12.31,0.78,3
25.82428,91.94516,41.15,441.9,45.2,45.0,6.83,Weathered Regolith / Phyllite,12.1,97.7,0.395,11.11,0.849,3
25.69782,91.82983,51.05,790.0,26.86,145.1,8.22,Weathered Regolith / Phyllite,7.9,103.5,0.418,12.28,1.407,1
25.90392,91.86754,69.37,1414.0,49.36,358.9,6.62,Weathered Regolith / Phyllite,7.3,108.8,0.36,12.21,0.75,3
25.90756,91.8493,52.62,884.4,34.82,62.4,8.24,Shillong Quartzite,9.3,95.4,0.431,11.43,1.097,2
25.89701,91.84546,55.06,892.5,42.77,52.4,6.31,Weathered Regolith / Phyllite,5.6,69.2,0.343,7.87,0.987,2
25.74994,91.8383,67.3,1360.0,45.47,329.4,6.28,Shillong Quartzite,30.8,92.2,0.347,10.31,0.866,3
25.65417,91.90091,61.52,1224.5,45.87,317.5,5.93,Shillong Quartzite,24.3,71.6,0.365,7.98,0.924,3
25.90065,91.92157,57.46,1023.6,31.26,11.6,8.56,Granite Gneiss,29.3,194.0,0.646,22.03,0.893,3
25.76561,91.89518,63.93,1205.8,47.42,270.6,7.47,Weathered Regolith / Phyllite,11.8,128.6,0.435,14.65,0.711,3
25.911,91.83911,65.93,1321.5,39.47,236.0,8.06,Granite Gneiss,41.1,143.8,0.43,16.5,0.819,3
25.91018,91.92545,53.71,977.0,41.64,276.4,8.73,Shillong Quartzite,3.9,151.5,0.519,17.59,0.738,3
25.88031,91.90267,54.25,900.4,36.95,178.0,8.47,Weathered Regolith / Phyllite,23.7,112.6,0.455,13.35,0.975,3
25.7295,91.87046,51.58,837.1,46.97,356.9,7.4,Colluvial Debris,9.0,57.6,0.317,7.08,0.931,3
25.75398,91.90764,69.0,1415.2,50.09,15.8,9.09,Weathered Regolith / Phyllite,21.0,130.4,0.513,15.5,0.656,3
25.87981,91.85379,60.91,1143.0,39.49,84.4,7.65,Shillong Quartzite,10.9,143.9,0.428,16.35,0.822,3
25.73557,91.86487,42.5,484.3,40.01,142.8,6.39,Weathered Regolith / Phyllite,43.8,89.7,0.337,10.09,0.988,2
25.69576,91.93927,65.89,1265.4,46.96,161.9,9.36,Shillong Quartzite,62.1,133.7,0.483,15.96,0.682,3
25.80034,91.85777,54.42,919.5,32.42,331.7,6.01,Shillong Quartzite,38.0,90.7,0.317,10.04,1.225,2
25.90276,91.8811,42.06,423.3,46.76,201.6,7.63,Weathered Regolith / Phyllite,5.4,58.5,0.278,7.27,0.929,3
25.83793,91.93572,56.49,964.7,48.71,16.2,6.9,Shillong Quartzite,9.0,123.0,0.429,13.82,0.714,3
25.80392,91.912,52.51,914.5,39.38,146.8,7.77,Shillong Quartzite,70.5,149.2,0.549,16.96,0.808,3
25.67624,91.82809,66.33,1318.8,50.54,149.9,7.52,Granite Gneiss,16.1,69.9,0.386,8.44,0.841,3
25.81605,91.83915,46.12,577.3,47.97,347.6,6.68,Weathered Regolith / Phyllite,79.3,140.3,0.518,15.58,0.676,3
25.91731,91.82102,64.79,1277.4,39.55,215.7,7.9,Weathered Regolith / Phyllite,14.0,112.8,0.503,13.15,0.912,3
25.68782,91.90202,56.73,963.4,32.55,228.8,8.67,Shillong Quartzite,84.9,166.1,0.601,19.11,0.94,3
25.78995,91.8782,41.64,461.7,32.84,256.8,7.32,Weathered Regolith / Phyllite,72.8,172.3,0.591,19.23,0.926,3
25.88689,91.83746,69.16,1373.4,46.5,277.2,7.2,Shillong Quartzite,30.3,108.1,0.448,12.36,0.791,3
25.85001,91.94453,55.38,969.4,48.84,228.6,6.75,Weathered Regolith / Phyllite,0.2,35.2,0.234,4.44,0.977,3
25.83819,91.88886,48.73,710.4,39.06,85.4,8.62,Weathered Regolith / Phyllite,14.3,95.4,0.334,11.58,0.969,3
25.83967,91.85145,54.08,852.8,39.15,314.7,8.34,Granite Gneiss,67.8,144.1,0.468,16.64,0.822,3
25.74706,91.88508,65.74,1315.1,43.75,263.6,8.62,Granite Gneiss,60.6,126.4,0.492,14.88,0.771,3
25.72927,91.90835,49.15,797.6,48.57,267.1,6.38,Shillong Quartzite,5.8,147.9,0.493,16.26,0.651,3
25.86853,91.82991,45.78,570.5,42.88,358.8,6.04,Colluvial Debris,14.3,73.7,0.367,8.25,0.974,3
25.86873,91.85571,43.87,565.8,53.17,288.9,5.96,Granite Gneiss,50.5,105.6,0.339,11.6,0.718,3
25.88411,91.92491,48.94,729.5,46.62,298.5,6.4,Shillong Quartzite,84.8,172.3,0.58,18.87,0.647,3
25.89657,91.87976,63.4,1235.2,30.02,342.5,8.2,Colluvial Debris,52.6,168.2,0.516,19.15,1.031,3
25.78806,91.89106,54.15,931.2,43.16,54.4,9.17,Shillong Quartzite,49.1,104.6,0.381,12.78,0.842,3
25.78541,91.87627,46.82,627.8,46.81,179.2,7.11,Shillong Quartzite,66.6,127.1,0.526,14.35,0.73,3
25.86554,91.82571,44.99,580.6,40.44,209.0,9.17,Weathered Regolith / Phyllite,3.5,76.3,0.434,9.77,0.987,2
25.82549,91.84155,49.98,753.3,40.28,118.5,5.86,Colluvial Debris,4.4,66.0,0.282,7.36,1.059,2
25.83953,91.87792,68.2,1352.7,26.65,302.2,9.5,Weathered Regolith / Phyllite,2.4,60.1,0.303,8.19,1.561,1
25.86486,91.84719,50.29,778.5,38.21,274.5,6.79,Weathered Regolith / Phyllite,76.7,194.7,0.603,21.4,0.709,3
25.8903,91.8265,69.64,1423.0,36.91,259.5,9.03,Weathered Regolith / Phyllite,18.1,136.8,0.51,16.15,0.895,3
25.74126,91.92967,54.56,982.7,39.68,359.0,6.03,Weathered Regolith / Phyllite,1.9,71.8,0.319,8.04,1.055,2
25.75141,91.94756,45.37,567.8,39.93,93.4,9.11,Weathered Regolith / Phyllite,10.9,85.2,0.335,10.7,0.973,3
25.67538,91.92311,66.73,1282.9,45.2,264.8,6.63,Granite Gneiss,12.1,106.6,0.426,11.98,0.824,3
25.80614,91.93099,53.81,928.2,27.9,198.5,7.64,Shillong Quartzite,46.4,170.0,0.557,19.12,1.121,3
25.6597,91.85146,61.29,1115.4,52.32,112.7,7.28,Weathered Regolith / Phyllite,37.2,87.5,0.407,10.21,0.768,3
25.77571,91.94488,69.51,1384.4,46.3,57.8,7.2,Granite Gneiss,134.1,209.5,0.614,23.14,0.646,3
25.79651,91.8456,41.51,468.2,50.68,322.5,7.79,Shillong Quartzite,0.6,67.0,0.319,8.24,0.845,3
25.72737,91.94369,42.9,554.8,36.75,214.4,9.44,Shillong Quartzite,67.6,151.8,0.545,17.9,0.848,3
25.80952,91.94933,61.61,1186.0,46.83,297.0,7.77,Weathered Regolith / Phyllite,6.8,174.4,0.561,19.64,0.647,3
25.65824,91.91252,48.45,673.0,44.12,196.3,8.16,Colluvial Debris,161.2,273.1,0.714,24.0,0.646,3
25.66008,91.94755,45.53,598.7,38.75,79.2,6.28,Weathered Regolith / Phyllite,1.8,43.9,0.342,5.18,1.161,2
25.8721,91.89404,41.18,429.8,36.03,121.5,8.21,Weathered Regolith / Phyllite,145.2,257.0,0.742,24.0,0.689,3
25.74725,91.85374,40.66,489.4,35.29,137.4,7.79,Weathered Regolith / Phyllite,66.5,185.4,0.585,20.81,0.803,3
25.68431,91.87681,63.23,1195.7,42.57,350.3,8.72,Granite Gneiss,23.4,153.3,0.618,17.77,0.714,3
25.79101,91.89716,44.03,545.1,36.98,2.0,7.55,Shillong Quartzite,27.8,123.1,0.535,14.1,0.953,3
25.8579,91.8295,54.03,897.9,53.17,354.8,7.73,Weathered Regolith / Phyllite,1.4,101.2,0.441,11.85,0.711,3
25.70827,91.9009,58.18,989.8,43.5,353.0,6.79,Weathered Regolith / Phyllite,9.6,90.4,0.335,10.32,0.904,3
25.81818,91.94755,52.85,842.1,25.42,358.6,7.6,Shillong Quartzite,53.4,174.6,0.619,19.59,1.226,2
25.67304,91.84471,40.81,421.4,38.39,171.6,7.46,Shillong Quartzite,3.0,189.8,0.527,21.15,0.712,3
25.66395,91.92304,63.51,1277.8,39.35,347.0,7.21,Weathered Regolith / Phyllite,6.8,121.1,0.452,13.75,0.9,3
25.79347,91.93803,40.32,418.8,38.52,142.4,7.07,Granite Gneiss,15.5,110.4,0.404,12.55,0.956,3
25.79597,91.94268,62.86,1184.9,40.46,9.5,5.95,Colluvial Debris,51.7,170.4,0.527,18.49,0.739,3
25.82211,91.94482,66.8,1332.2,31.72,80.8,8.94,Weathered Regolith / Phyllite,8.2,106.1,0.423,12.85,1.164,2
25.84604,91.88779,52.99,851.8,44.63,340.3,5.92,Shillong Quartzite,164.0,211.4,0.67,22.82,0.646,3
25.91348,91.94705,56.07,960.8,42.72,5.0,8.72,Weathered Regolith / Phyllite,12.3,115.8,0.466,13.79,0.822,3
25.7894,91.91845,54.31,937.9,36.01,196.6,6.6,Granite Gneiss,13.7,227.9,0.678,24.0,0.689,3
25.7372,91.84102,51.68,847.8,44.26,27.2,5.94,Weathered Regolith / Phyllite,3.6,87.3,0.364,9.65,0.907,3
25.8647,91.882,66.62,1292.2,39.19,103.1,7.93,Weathered Regolith / Phyllite,31.9,92.4,0.418,10.99,0.983,2
25.72312,91.91338,66.82,1381.3,43.97,31.7,7.61,Granite Gneiss,7.8,84.1,0.4,9.98,0.904,3
25.76852,91.85215,50.07,782.7,30.37,309.4,8.08,Granite Gneiss,27.8,101.1,0.408,11.98,1.247,2
25.67118,91.90328,58.45,1043.7,51.86,212.8,7.51,Weathered Regolith / Phyllite,135.1,197.5,0.58,21.99,0.665,3
25.65684,91.90666,67.81,1314.3,31.8,324.8,7.43,Weathered Regolith / Phyllite,13.7,132.1,0.403,15.01,1.094,3
25.90992,91.84115,68.86,1418.7,36.1,247.8,8.29,Weathered Regolith / Phyllite,143.3,194.3,0.634,21.96,0.747,3
25.87571,91.89346,55.27,920.2,32.12,349.6,8.04,Shillong Quartzite,37.6,172.4,0.598,19.53,0.941,3
25.83791,91.92031,53.58,897.7,35.17,183.6,7.46,Granite Gneiss,72.2,147.3,0.496,16.63,0.931,3
25.76042,91.88486,48.36,718.5,41.79,229.9,8.54,Shillong Quartzite,26.2,104.1,0.424,12.47,0.879,3
25.69679,91.82157,68.77,1459.6,24.59,207.5,8.93,Shillong Quartzite,27.7,106.5,0.467,12.89,1.52,1
25.69224,91.82118,44.28,507.5,47.32,174.3,7.2,Granite Gneiss,2.7,130.6,0.548,14.76,0.71,3
25.71757,91.86641,57.39,1094.4,43.52,304.5,8.55,Shillong Quartzite,126.5,232.5,0.676,24.0,0.646,3
25.79829,91.94041,48.48,732.5,33.52,232.0,9.19,Shillong Quartzite,8.5,150.7,0.508,17.69,0.951,3
25.84294,91.84973,48.37,721.5,31.93,288.5,8.13,Shillong Quartzite,17.6,115.8,0.453,13.55,1.134,3
25.82825,91.90247,52.15,901.9,43.04,283.1,6.76,Colluvial Debris,42.0,169.6,0.504,18.72,0.677,3
25.72558,91.84887,69.96,1461.4,44.69,68.8,8.77,Weathered Regolith / Phyllite,4.8,76.2,0.262,9.6,0.9,3
25.90781,91.86182,41.65,499.1,36.59,234.1,6.88,Weathered Regolith / Phyllite,3.7,87.1,0.318,10.0,1.083,2
25.84923,91.93025,57.36,1014.3,36.38,71.9,6.09,Weathered Regolith / Phyllite,84.6,153.9,0.508,16.79,0.891,3
25.79968,91.91475,42.48,520.3,27.52,210.0,7.74,Granite Gneiss,85.2,115.5,0.405,13.36,1.335,1
25.81516,91.8324,44.64,608.7,49.38,243.9,7.99,Weathered Regolith / Phyllite,38.6,169.4,0.52,19.2,0.653,3
25.76329,91.87573,53.19,903.9,40.46,359.0,8.96,Weathered Regolith / Phyllite,134.3,205.8,0.635,23.45,0.654,3
25.71689,91.82379,55.31,875.5,42.96,11.0,7.99,Colluvial Debris,14.4,79.8,0.355,9.68,0.933,3
25.74611,91.88252,47.76,655.2,30.35,32.8,9.49,Colluvial Debris,8.3,147.9,0.475,17.51,1.07,3
25.85462,91.90612,49.49,779.2,34.8,27.7,6.46,Colluvial Debris,162.6,225.2,0.611,24.0,0.722,3
25.65389,91.83541,42.61,511.2,28.04,143.4,6.51,Weathered Regolith / Phyllite,161.4,231.2,0.705,24.0,0.95,3
25.68134,91.85756,49.1,716.4,44.15,295.8,7.86,Colluvial Debris,93.5,188.1,0.636,21.13,0.646,3
25.66242,91.87172,69.0,1435.2,46.17,303.9,9.03,Weathered Regolith / Phyllite,104.7,178.9,0.549,20.61,0.646,3
25.661,91.93954,68.34,1347.8,40.44,265.3,7.73,Weathered Regolith / Phyllite,24.8,156.7,0.509,17.74,0.761,3
25.88097,91.94912,50.05,783.1,43.87,322.9,5.85,Weathered Regolith / Phyllite,33.7,130.4,0.499,14.19,0.788,3
25.83999,91.82584,57.13,1014.3,42.21,116.2,6.81,Shillong Quartzite,110.2,200.6,0.663,22.04,0.649,3
25.77803,91.91893,67.29,1358.5,45.85,31.7,6.77,Weathered Regolith / Phyllite,14.6,71.8,0.32,8.34,0.915,3
25.67642,91.86832,40.19,399.3,45.82,20.9,7.09,Shillong Quartzite,32.5,112.6,0.423,12.79,0.79,3
25.78274,91.87102,64.32,1260.5,29.7,306.8,6.3,Granite Gneiss,10.1,113.6,0.489,12.6,1.256,1
25.77784,91.91805,68.45,1384.8,35.99,263.0,9.03,Weathered Regolith / Phyllite,16.0,80.2,0.391,10.13,1.098,2
25.69676,91.9394,42.74,482.9,42.58,251.5,7.69,Weathered Regolith / Phyllite,149.2,226.6,0.633,24.0,0.648,3
25.76714,91.94362,44.84,641.1,37.72,122.3,8.26,Weathered Regolith / Phyllite,83.8,180.0,0.507,20.43,0.749,3
25.7576,91.89503,68.82,1345.3,35.15,136.8,6.27,Colluvial Debris,35.5,155.9,0.512,17.07,0.919,3
25.81628,91.86643,56.13,901.8,44.88,344.9,5.83,Weathered Regolith / Phyllite,13.1,92.8,0.345,10.19,0.88,3
25.82148,91.92238,40.43,446.2,34.51,23.0,8.16,Weathered Regolith / Phyllite,48.0,117.8,0.458,13.78,1.037,3
25.66223,91.85263,47.73,621.7,41.93,278.5,8.75,Weathered Regolith / Phyllite,0.7,93.5,0.414,11.44,0.905,3
25.75115,91.89333,53.5,792.3,37.38,111.5,7.91,Colluvial Debris,3.0,113.3,0.44,13.2,0.967,3
25.81898,91.86662,60.79,1168.1,33.84,14.1,9.0,Weathered Regolith / Phyllite,30.3,104.6,0.378,12.71,1.091,2
25.78585,91.90536,61.99,1220.2,38.74,267.3,8.6,Weathered Regolith / Phyllite,9.6,118.2,0.389,14.0,0.909,3
25.88125,91.85125,69.86,1392.9,45.18,119.1,5.98,Weathered Regolith / Phyllite,84.7,150.8,0.538,16.41,0.701,3
25.82785,91.84491,48.63,630.1,35.11,260.0,6.99,Colluvial Debris,122.8,172.7,0.593,19.15,0.858,3
25.69399,91.93937,56.15,916.4,43.34,254.8,8.02,Weathered Regolith / Phyllite,15.7,78.5,0.397,9.55,0.928,3
25.66905,91.83323,56.0,932.0,41.06,192.5,7.56,Shillong Quartzite,31.7,106.9,0.404,12.38,0.898,3
25.82345,91.88577,52.17,902.5,30.03,279.9,7.51,Weathered Regolith / Phyllite,40.9,135.9,0.475,15.44,1.15,3
25.65716,91.84871,45.07,560.4,28.53,209.2,7.96,Colluvial Debris,18.1,144.6,0.531,16.54,1.179,2
25.80816,91.82506,69.32,1459.6,36.09,103.2,7.74,Shillong Quartzite,6.7,68.8,0.332,8.4,1.146,2
25.90386,91.82468,65.6,1324.9,30.28,264.3,9.28,Shillong Quartzite,41.6,135.4,0.455,16.1,1.119,3
25.80538,91.84278,54.95,976.1,53.51,212.1,5.86,Weathered Regolith / Phyllite,140.2,186.8,0.557,20.19,0.675,3
25.75481,91.93268,58.1,1008.4,47.21,4.6,6.85,Weathered Regolith / Phyllite,5.4,105.6,0.441,11.96,0.79,3
25.82369,91.85672,46.82,638.2,37.93,324.6,7.91,Weathered Regolith / Phyllite,28.0,101.0,0.391,11.9,0.99,2
25.77373,91.94356,56.31,962.2,38.0,196.4,8.32,Shillong Quartzite,100.9,184.7,0.565,20.95,0.727,3
25.79732,91.89561,60.85,1151.2,37.92,312.7,8.15,Colluvial Debris,99.5,186.1,0.607,21.03,0.727,3
25.9042,91.87676,55.46,989.6,46.0,317.8,8.86,Weathered Regolith / Phyllite,28.0,158.1,0.499,18.34,0.646,3
25.75425,91.89541,69.71,1526.9,40.35,160.2,8.5,Colluvial Debris,119.3,204.6,0.607,23.14,0.654,3
25.90952,91.88717,58.34,1026.3,40.13,182.8,7.88,Weathered Regolith / Phyllite,11.6,127.1,0.461,14.66,0.855,3
25.89444,91.91864,51.13,795.2,46.33,149.7,6.64,Colluvial Debris,99.3,189.4,0.578,20.78,0.646,3
25.70286,91.85672,63.16,1245.4,35.1,161.8,7.79,Weathered Regolith / Phyllite,118.0,210.3,0.699,23.46,0.73,3
25.66873,91.8659,45.11,603.5,27.53,322.3,8.71,Weathered Regolith / Phyllite,1.2,90.9,0.401,11.14,1.41,1
25.67721,91.93623,51.54,872.3,47.62,283.7,8.37,Shillong Quartzite,0.9,95.4,0.395,11.49,0.797,3
25.65492,91.94304,50.41,760.0,43.99,45.5,9.05,Granite Gneiss,17.5,109.2,0.476,13.22,0.813,3
25.6755,91.93603,52.95,837.5,44.01,219.7,7.87,Granite Gneiss,114.9,190.3,0.602,21.37,0.646,3
25.83441,91.87453,63.45,1275.9,46.32,358.5,7.59,Shillong Quartzite,20.1,53.3,0.341,6.7,0.952,3
25.66922,91.92145,54.53,920.5,45.63,214.4,5.48,Shillong Quartzite,11.1,91.1,0.341,9.87,0.876,3
25.73612,91.88192,63.82,1255.3,35.45,282.9,6.3,Weathered Regolith / Phyllite,11.4,109.8,0.396,12.18,1.054,2
25.87812,91.88468,57.29,1002.4,30.11,276.9,6.98,Weathered Regolith / Phyllite,28.3,122.7,0.412,13.83,1.198,2
25.65628,91.84661,50.26,796.3,47.78,126.1,5.73,Weathered Regolith / Phyllite,5.0,62.8,0.338,6.97,0.921,3
25.86991,91.89685,64.3,1215.9,40.03,133.9,7.47,Shillong Quartzite,40.7,110.6,0.362,12.74,0.912,3
25.7261,91.8442,47.15,631.9,26.04,260.7,7.83,Shillong Quartzite,100.9,150.9,0.525,17.16,1.28,1
25.6819,91.8631,46.73,529.7,43.74,180.0,7.96,Granite Gneiss,69.0,171.2,0.537,19.38,0.646,3
25.83812,91.93115,55.14,904.6,31.37,205.4,8.15,Granite Gneiss,12.7,76.4,0.353,9.38,1.287,1
25.81981,91.84692,47.83,711.2,36.53,256.6,8.11,Weathered Regolith / Phyllite,113.6,219.4,0.662,24.0,0.676,3
25.88692,91.82925,40.27,411.4,38.02,279.9,7.74,Granite Gneiss,24.0,123.7,0.474,14.24,0.92,3
25.84847,91.82897,59.45,1043.8,41.53,97.7,7.04,Weathered Regolith / Phyllite,101.6,174.5,0.653,19.36,0.691,3
25.86694,91.9423,55.33,993.8,51.65,52.8,8.73,Granite Gneiss,123.1,235.3,0.778,24.0,0.663,3
25.72615,91.8859,53.37,873.3,29.85,105.0,6.61,Weathered Regolith / Phyllite,36.5,87.4,0.405,9.93,1.336,1
25.69791,91.87322,69.01,1483.1,44.13,182.7,8.91,Granite Gneiss,47.5,112.5,0.414,13.52,0.801,3
25.85267,91.92541,57.14,1034.0,39.15,123.2,7.24,Shillong Quartzite,1.5,64.7,0.33,7.77,1.076,2
25.86785,91.92866,65.9,1314.1,35.98,204.6,7.92,Weathered Regolith / Phyllite,128.1,183.6,0.568,20.67,0.788,3
25.91744,91.86318,44.18,619.8,45.0,19.2,6.19,Shillong Quartzite,45.3,120.3,0.415,13.26,0.792,3
25.76141,91.91017,57.08,982.7,42.35,183.5,6.04,Weathered Regolith / Phyllite,23.1,81.4,0.281,9.07,0.963,3
25.75044,91.92025,66.04,1267.6,34.35,132.5,7.76,Weathered Regolith / Phyllite,1.8,122.8,0.441,14.15,1.031,3
25.85963,91.9051,57.49,1076.2,45.07,192.5,8.18,Shillong Quartzite,33.1,147.6,0.516,16.95,0.688,3
25.74202,91.83971,61.54,1178.1,41.2,152.1,7.03,Granite Gneiss,1.8,68.2,0.355,8.06,1.017,2
25.9013,91.93386,51.16,846.4,48.35,102.3,7.61,Weathered Regolith / Phyllite,47.6,119.3,0.447,13.72,0.722,3
25.88177,91.89008,42.77,532.3,43.98,325.5,6.96,Weathered Regolith / Phyllite,142.0,263.1,0.731,24.0,0.646,3
25.76583,91.85672,53.74,946.5,44.25,66.5,7.29,Shillong Quartzite,4.1,91.4,0.361,10.63,0.88,3
25.85274,91.87528,51.83,793.7,38.35,245.3,8.95,Shillong Quartzite,9.0,82.1,0.398,10.3,1.025,2
25.85373,91.82488,66.01,1302.9,50.09,332.9,8.35,Weathered Regolith / Phyllite,157.2,234.9,0.628,24.0,0.656,3
25.67784,91.83662,47.32,648.2,40.63,193.9,7.76,Colluvial Debris,104.9,236.4,0.68,24.0,0.653,3
25.89369,91.91952,69.0,1407.6,27.81,315.5,7.42,Shillong Quartzite,74.7,155.4,0.523,17.48,1.181,2
25.78642,91.82,68.74,1343.4,40.43,44.9,6.76,Weathered Regolith / Phyllite,4.3,87.8,0.357,10.04,0.979,3
25.87314,91.87415,47.43,666.6,44.26,177.8,9.0,Weathered Regolith / Phyllite,12.9,97.7,0.334,11.98,0.842,3
25.73641,91.88793,50.44,797.1,38.53,164.5,6.87,Shillong Quartzite,50.7,112.4,0.465,12.69,0.951,3
25.89179,91.8271,66.87,1313.1,35.64,2.9,8.71,Shillong Quartzite,126.5,173.0,0.607,19.87,0.822,3
25.75508,91.9465,69.0,1378.4,40.9,159.6,7.35,Weathered Regolith / Phyllite,141.1,202.2,0.585,22.42,0.652,3
25.65293,91.8494,53.3,860.2,28.52,132.9,9.9,Colluvial Debris,23.1,118.3,0.312,14.53,1.246,2
25.89445,91.85955,49.63,768.4,46.51,241.1,7.15,Weathered Regolith / Phyllite,8.5,59.4,0.391,7.18,0.936,3
25.67465,91.85951,55.78,909.4,42.12,337.8,7.26,Shillong Quartzite,14.4,138.7,0.469,15.64,0.783,3
25.73621,91.84995,60.63,1215.6,52.11,30.9,7.66,Weathered Regolith / Phyllite,11.3,84.9,0.328,10.09,0.774,3
25.90652,91.82019,48.2,635.2,46.5,117.9,8.98,Colluvial Debris,45.7,149.2,0.504,17.44,0.648,3
25.90666,91.91481,62.09,1150.5,38.44,159.9,9.4,Granite Gneiss,72.3,164.6,0.555,19.24,0.766,3
25.80483,91.94569,41.55,499.6,36.03,163.9,8.41,Weathered Regolith / Phyllite,39.9,85.5,0.343,10.45,1.087,2
25.8206,91.84916,41.48,490.5,46.44,278.9,8.17,Colluvial Debris,16.2,170.6,0.561,19.4,0.646,3
25.77108,91.9062,51.59,840.8,46.51,159.6,7.68,Weathered Regolith / Phyllite,19.7,132.5,0.467,15.15,0.712,3
25.72917,91.91645,50.6,743.7,34.13,9.8,8.61,Shillong Quartzite,3.7,80.0,0.329,9.95,1.165,2
25.73874,91.9303,49.47,711.6,35.52,255.6,8.88,Granite Gneiss,38.5,147.0,0.438,17.17,0.905,3
25.83158,91.87494,54.73,881.3,50.03,318.5,7.35,Granite Gneiss,25.4,116.5,0.49,13.32,0.708,3
25.85314,91.85938,49.62,724.0,43.02,185.0,7.94,Colluvial Debris,65.2,157.5,0.549,17.91,0.701,3
25.86373,91.86229,45.77,617.2,40.16,209.2,7.83,Colluvial Debris,6.3,126.6,0.428,14.58,0.857,3
25.8632,91.91264,49.28,690.5,41.15,58.7,7.86,Colluvial Debris,39.9,160.7,0.55,18.22,0.731,3
25.67463,91.92618,69.25,1353.7,48.38,79.4,8.53,Weathered Regolith / Phyllite,101.0,244.3,0.683,24.0,0.65,3
25.78349,91.84361,52.33,878.4,39.02,84.7,7.38,Weathered Regolith / Phyllite,8.7,88.8,0.374,10.39,1.005,2
25.66554,91.86822,53.34,859.7,41.29,155.1,6.79,Shillong Quartzite,30.8,90.2,0.402,10.3,0.952,3
25.79837,91.93725,57.3,1035.3,36.44,334.1,7.76,Granite Gneiss,72.3,138.0,0.502,15.77,0.919,3
25.76921,91.92487,69.5,1420.1,33.9,187.8,7.06,Shillong Quartzite,70.2,167.8,0.533,18.66,0.91,3
25.88968,91.94803,47.25,675.4,39.83,69.2,7.74,Weathered Regolith / Phyllite,35.6,177.1,0.602,19.92,0.713,3
25.74475,91.91805,60.44,1208.4,53.82,95.8,8.39,Granite Gneiss,1.4,70.6,0.336,8.86,0.792,3
25.68161,91.87112,61.48,1106.1,42.95,138.2,7.94,Colluvial Debris,57.6,125.5,0.435,14.5,0.797,3
25.68861,91.89678,58.22,1006.6,45.22,224.4,8.52,Weathered Regolith / Phyllite,30.0,106.3,0.481,12.7,0.804,3
25.85561,91.90593,42.66,457.0,32.9,158.4,6.92,Weathered Regolith / Phyllite,10.4,90.1,0.333,10.34,1.197,2
25.81692,91.8302,60.31,1194.9,44.25,141.3,8.72,Weathered Regolith / Phyllite,5.8,76.3,0.364,9.6,0.909,3
25.6773,91.89078,41.92,466.6,43.64,203.3,7.87,Weathered Regolith / Phyllite,3.5,92.7,0.441,11.0,0.882,3
25.67271,91.91221,57.88,1061.4,39.32,87.1,5.84,Shillong Quartzite,1.4,100.6,0.333,11.02,0.979,3
25.83926,91.84175,62.19,1070.8,46.51,28.4,7.85,Colluvial Debris,39.3,109.1,0.486,12.74,0.78,3
25.66965,91.92148,46.33,636.5,51.2,8.8,8.74,Weathered Regolith / Phyllite,7.5,71.5,0.405,9.09,0.814,3
25.8719,91.89589,65.25,1269.3,39.69,90.5,6.19,Shillong Quartzite,0.7,42.4,0.255,4.99,1.141,2
25.84069,91.94379,40.91,487.4,44.39,33.0,7.8,Shillong Quartzite,14.2,71.1,0.348,8.68,0.932,3
25.67196,91.82551,65.31,1312.4,48.17,121.1,8.65,Weathered Regolith / Phyllite,18.5,107.6,0.387,12.89,0.748,3
25.67291,91.85449,53.81,866.6,51.58,278.3,5.18,Shillong Quartzite,5.2,90.4,0.346,9.68,0.792,3
25.91639,91.8982,46.53,691.7,45.1,257.9,7.89,Granite Gneiss,1.3,95.6,0.345,11.31,0.845,3
25.75105,91.85855,44.01,607.3,46.83,219.9,7.44,Granite Gneiss,5.9,132.7,0.54,15.07,0.709,3
25.75007,91.91288,68.6,1461.2,42.78,306.9,7.22,Shillong Quartzite,31.8,115.2,0.424,13.13,0.839,3
25.86946,91.91867,42.18,506.8,44.91,101.5,7.89,Granite Gneiss,2.4,79.7,0.3,9.62,0.896,3
25.90576,91.83333,45.97,598.0,38.84,318.6,6.03,Weathered Regolith / Phyllite,22.7,94.6,0.43,10.46,1.007,2
25.91622,91.8868,50.43,774.5,43.63,143.7,8.26,Weathered Regolith / Phyllite,4.4,97.3,0.421,11.64,0.864,3
25.85341,91.88616,58.61,1034.6,37.47,144.3,5.62,Weathered Regolith / Phyllite,6.1,51.2,0.308,5.69,1.183,2
25.75159,91.86801,56.34,980.9,46.52,145.9,6.97,Weathered Regolith / Phyllite,14.0,126.3,0.432,14.21,0.739,3
25.67255,91.94128,43.77,508.1,33.08,35.3,8.01,Weathered Regolith / Phyllite,3.0,79.8,0.339,9.68,1.211,2
25.85983,91.92758,48.69,697.4,43.0,351.2,7.3,Weathered Regolith / Phyllite,5.3,85.7,0.452,10.03,0.922,3
25.80077,91.91064,47.16,736.4,37.46,49.9,7.29,Shillong Quartzite,12.0,99.8,0.415,11.52,1.014,2
25.76454,91.91286,46.41,636.7,39.67,122.7,8.63,Shillong Quartzite,11.2,98.6,0.376,11.92,0.944,3
25.89472,91.88002,52.33,814.5,51.04,114.9,8.65,Weathered Regolith / Phyllite,38.7,170.4,0.585,19.57,0.66,3
25.68002,91.93973,61.12,1095.2,46.56,26.9,8.53,Weathered Regolith / Phyllite,2.2,68.9,0.365,8.74,0.891,3
25.78301,91.9103,46.52,624.3,34.7,54.8,7.99,Shillong Quartzite,55.1,138.6,0.557,15.92,0.967,3
25.65307,91.91477,51.0,814.8,46.12,16.1,8.59,Weathered Regolith / Phyllite,186.7,256.4,0.747,24.0,0.646,3
25.77654,91.93202,51.73,815.9,47.01,105.3,8.72,Weathered Regolith / Phyllite,40.7,130.8,0.497,15.38,0.697,3
25.6652,91.85563,69.29,1423.1,42.28,312.0,7.42,Granite Gneiss,10.4,63.6,0.341,7.72,1.002,2
25.68208,91.92492,68.64,1419.4,47.79,122.2,6.84,Weathered Regolith / Phyllite,48.5,119.6,0.414,13.44,0.739,3
25.68173,91.84538,64.0,1255.9,41.63,44.5,6.25,Weathered Regolith / Phyllite,5.7,71.2,0.282,8.06,1.007,2
25.82529,91.86489,47.25,682.0,37.43,232.4,7.78,Weathered Regolith / Phyllite,3.7,121.6,0.472,14.03,0.942,3
25.85143,91.86363,42.04,500.7,38.8,358.8,9.14,Weathered Regolith / Phyllite,1.3,95.4,0.418,11.79,0.97,3
25.80751,91.94721,49.51,729.2,43.18,83.6,7.79,Colluvial Debris,78.5,150.9,0.415,17.15,0.719,3
25.90979,91.93135,48.0,674.6,46.19,100.6,7.95,Weathered Regolith / Phyllite,10.3,201.7,0.645,22.61,0.646,3
25.75122,91.91115,55.18,931.3,39.19,349.9,6.42,Shillong Quartzite,152.1,229.9,0.683,24.0,0.659,3
25.72714,91.91452,63.33,1239.0,38.95,64.4,6.59,Granite Gneiss,8.9,74.2,0.361,8.52,1.06,2
25.88452,91.89307,65.75,1346.1,34.0,184.0,7.87,Weathered Regolith / Phyllite,66.7,168.9,0.532,19.09,0.893,3
25.71037,91.94312,65.35,1273.6,39.72,86.3,9.14,Weathered Regolith / Phyllite,65.6,189.4,0.655,21.78,0.662,3
25.91007,91.88451,50.79,771.1,38.83,335.6,7.4,Granite Gneiss,72.0,217.6,0.7,24.0,0.661,3
25.65328,91.86947,60.62,1089.1,37.43,353.3,8.87,Colluvial Debris,19.2,135.5,0.422,15.94,0.887,3
25.91187,91.84119,49.39,668.7,31.33,293.3,6.75,Weathered Regolith / Phyllite,56.3,192.8,0.565,21.18,0.917,3
25.66165,91.92221,41.83,414.4,49.16,113.3,7.72,Weathered Regolith / Phyllite,194.6,290.9,0.822,24.0,0.652,3
25.89061,91.91548,61.05,1096.5,51.06,145.3,7.61,Granite Gneiss,11.0,67.5,0.304,8.22,0.84,3
25.79248,91.86997,40.29,383.7,36.17,87.2,8.85,Weathered Regolith / Phyllite,15.2,80.3,0.4,10.08,1.094,2
25.9181,91.82328,52.28,848.0,44.3,320.7,5.36,Weathered Regolith / Phyllite,35.6,145.6,0.46,15.62,0.74,3
25.66993,91.92907,49.88,703.0,35.41,329.2,6.93,Weathered Regolith / Phyllite,10.0,128.3,0.505,14.41,0.99,3
25.79954,91.82148,60.8,1128.8,35.34,150.8,7.05,Weathered Regolith / Phyllite,39.2,137.7,0.386,15.45,0.961,3
25.91171,91.91148,62.99,1238.1,24.3,236.4,9.74,Weathered Regolith / Phyllite,2.1,73.6,0.326,9.72,1.657,1
25.79124,91.94613,49.12,686.1,36.67,59.6,6.72,Shillong Quartzite,20.8,207.3,0.692,22.71,0.71,3
25.81994,91.8769,64.35,1232.5,43.56,156.6,5.73,Granite Gneiss,3.7,79.7,0.353,8.76,0.946,3
25.83785,91.85055,48.82,655.8,38.7,227.3,7.88,Shillong Quartzite,9.7,82.3,0.362,9.9,1.027,2
25.77273,91.91163,53.39,830.5,40.63,138.7,7.79,Weathered Regolith / Phyllite,8.4,80.4,0.388,9.66,0.985,2
25.81944,91.92623,61.81,1218.2,21.21,128.7,9.43,Weathered Regolith / Phyllite,51.1,126.3,0.479,15.2,1.676,1
25.80776,91.89104,60.79,1147.8,31.46,0.4,9.43,Granite Gneiss,6.0,109.0,0.415,13.36,1.159,2
25.89331,91.94571,69.62,1522.7,46.95,289.5,7.6,Weathered Regolith / Phyllite,200.3,299.1,0.85,24.0,0.647,3
25.66227,91.82672,46.75,606.9,40.99,320.2,8.97,Weathered Regolith / Phyllite,44.2,142.9,0.5,16.78,0.776,3
25.72586,91.88562,59.87,1155.8,34.3,349.0,8.52,Weathered Regolith / Phyllite,19.3,196.4,0.634,22.27,0.788,3
25.90661,91.9134,58.29,1011.0,41.56,258.9,7.0,Weathered Regolith / Phyllite,7.5,103.6,0.446,11.81,0.903,3
25.89037,91.93214,67.45,1340.8,30.64,197.6,9.35,Colluvial Debris,7.2,116.5,0.339,14.12,1.167,2
25.77303,91.8433,44.69,673.1,47.54,96.9,7.9,Shillong Quartzite,134.6,259.1,0.721,24.0,0.648,3
25.81744,91.924,62.55,1156.0,48.4,359.7,7.22,Weathered Regolith / Phyllite,0.2,64.0,0.297,7.69,0.891,3
25.72489,91.89185,57.05,1060.1,43.74,212.3,8.07,Granite Gneiss,21.2,107.2,0.442,12.61,0.835,3
25.70079,91.87155,48.24,687.1,34.24,245.2,7.69,Weathered Regolith / Phyllite,85.5,147.1,0.573,16.7,0.958,3
25.7752,91.83712,54.23,855.1,34.81,245.7,6.58,Weathered Regolith / Phyllite,4.7,161.5,0.461,17.79,0.907,3
25.74541,91.93249,50.01,693.2,46.2,304.3,8.08,Weathered Regolith / Phyllite,23.8,153.7,0.501,17.56,0.65,3
25.80759,91.84045,57.38,1012.5,46.24,3.5,8.38,Shillong Quartzite,91.4,137.8,0.527,15.99,0.693,3
25.67099,91.86027,66.67,1288.5,51.97,79.3,7.9,Weathered Regolith / Phyllite,55.2,144.6,0.428,16.52,0.665,3
25.91309,91.85771,57.08,985.9,41.55,239.6,6.87,Weathered Regolith / Phyllite,53.2,145.1,0.515,16.16,0.781,3
25.91628,91.93328,58.95,987.1,38.74,322.3,9.21,Weathered Regolith / Phyllite,48.3,123.4,0.47,14.79,0.886,3
25.8385,91.90745,55.56,958.9,39.34,246.7,5.77,Weathered Regolith / Phyllite,10.4,128.8,0.485,13.99,0.893,3
25.79475,91.92357,41.53,392.0,37.92,148.9,7.35,Shillong Quartzite,164.4,296.8,0.788,24.0,0.666,3
25.73357,91.85256,46.99,642.1,32.62,130.2,7.31,Granite Gneiss,79.4,161.1,0.533,18.03,0.971,3
25.86972,91.90123,54.76,861.3,42.35,265.7,5.87,Granite Gneiss,19.2,131.9,0.422,14.36,0.814,3
25.83488,91.89433,49.31,774.8,43.18,266.8,7.38,Shillong Quartzite,12.3,89.7,0.422,10.48,0.906,3
25.69391,91.92827,45.45,506.5,43.23,218.5,7.94,Colluvial Debris,15.0,97.7,0.352,11.56,0.874,3
25.89595,91.93779,55.12,918.0,36.58,104.9,8.92,Weathered Regolith / Phyllite,11.4,40.5,0.271,5.87,1.205,2
25.87209,91.82158,49.68,761.3,36.84,333.1,9.65,Weathered Regolith / Phyllite,6.7,105.1,0.495,13.02,0.988,2
25.90645,91.90762,47.74,685.4,46.75,198.7,8.31,Weathered Regolith / Phyllite,27.0,93.0,0.43,11.21,0.819,3
25.84594,91.82674,53.92,837.3,37.37,284.6,7.75,Weathered Regolith / Phyllite,23.2,75.3,0.275,9.1,1.087,2
25.81562,91.89135,44.0,470.4,37.66,77.2,8.4,Weathered Regolith / Phyllite,17.4,91.9,0.37,11.12,1.02,2
25.76293,91.85739,67.83,1405.4,43.95,123.9,8.52,Weathered Regolith / Phyllite,2.8,81.9,0.363,10.11,0.901,3
25.90184,91.85988,66.03,1306.1,41.39,314.8,7.6,Weathered Regolith / Phyllite,44.6,89.9,0.37,10.6,0.941,3
25.88384,91.86588,61.23,1100.1,49.41,18.0,8.15,Shillong Quartzite,5.4,33.0,0.268,4.76,0.96,3
25.66221,91.90077,43.19,544.2,46.9,184.4,7.46,Colluvial Debris,3.4,54.0,0.323,6.72,0.942,3
25.65712,91.86343,63.28,1192.2,38.35,173.4,7.49,Weathered Regolith / Phyllite,27.3,86.4,0.444,10.18,1.028,2
25.75165,91.91525,64.24,1222.1,35.01,270.4,7.99,Weathered Regolith / Phyllite,14.2,101.4,0.384,11.97,1.075,2
25.86885,91.87259,63.03,1171.5,39.31,101.5,8.21,Granite Gneiss,62.4,133.5,0.503,15.47,0.852,3
25.91656,91.82889,43.42,489.3,44.52,78.9,8.16,Weathered Regolith / Phyllite,12.3,97.3,0.387,11.6,0.848,3
25.69061,91.92189,59.32,1044.3,39.23,333.4,7.38,Weathered Regolith / Phyllite,41.4,162.1,0.599,18.17,0.777,3
25.81042,91.85715,65.03,1289.2,44.04,205.8,7.78,Weathered Regolith / Phyllite,26.7,142.1,0.508,16.21,0.728,3
25.75284,91.87626,57.32,1068.2,44.63,37.7,8.75,Granite Gneiss,12.6,118.5,0.442,14.09,0.776,3
25.91188,91.90911,59.39,1022.9,42.4,69.5,9.26,Granite Gneiss,6.0,123.3,0.441,14.8,0.801,3
25.87737,91.86322,53.75,867.6,40.85,359.6,6.88,Shillong Quartzite,28.0,108.2,0.383,12.25,0.907,3
25.87635,91.82736,55.86,948.6,40.65,70.4,6.75,Weathered Regolith / Phyllite,61.2,112.2,0.461,12.62,0.901,3
25.77655,91.86861,41.03,454.7,35.58,219.8,8.35,Weathered Regolith / Phyllite,29.1,110.3,0.39,13.06,1.024,3
25.762,91.94278,59.17,1110.4,40.77,151.2,7.49,Weathered Regolith / Phyllite,46.9,158.9,0.455,17.88,0.749,3
25.72382,91.90343,42.44,479.1,30.8,318.8,6.08,Colluvial Debris,94.0,211.1,0.606,22.86,0.883,3
25.66522,91.90729,53.05,831.3,49.05,271.9,7.0,Shillong Quartzite,35.4,116.0,0.441,13.13,0.728,3
25.88348,91.9022,48.78,730.4,37.1,214.9,8.65,Weathered Regolith / Phyllite,63.4,114.7,0.383,13.64,0.963,3
25.86948,91.84587,56.36,907.1,48.3,3.9,8.23,Shillong Quartzite,41.5,96.7,0.361,11.56,0.784,3
25.91992,91.87438,44.0,454.3,53.29,316.7,7.26,Weathered Regolith / Phyllite,67.4,144.4,0.422,16.24,0.674,3
25.91909,91.91762,60.75,1229.8,50.17,160.1,7.31,Colluvial Debris,15.8,91.6,0.348,10.66,0.782,3
25.79997,91.83318,63.85,1202.4,32.89,335.4,8.2,Granite Gneiss,65.7,146.4,0.57,16.83,0.998,3
25.85763,91.85612,44.9,555.0,36.74,178.4,7.0,Weathered Regolith / Phyllite,27.2,96.7,0.367,11.08,1.048,2
25.90509,91.85592,43.13,531.3,35.85,249.9,7.96,Granite Gneiss,57.1,112.1,0.422,13.09,1.015,3
25.8794,91.87616,44.37,566.7,42.58,24.9,5.51,Shillong Quartzite,1.1,71.1,0.426,7.76,0.994,2
25.71678,91.94745,66.31,1356.4,49.41,268.3,7.35,Weathered Regolith / Phyllite,30.0,146.2,0.515,16.47,0.653,3
25.77165,91.82878,55.85,992.1,38.79,121.7,7.33,Shillong Quartzite,52.7,111.8,0.438,12.81,0.941,3
25.68487,91.88743,54.02,832.9,39.78,126.5,8.19,Shillong Quartzite,5.4,158.1,0.49,18.08,0.766,3
25.90759,91.84332,43.2,562.8,46.72,42.7,7.86,Weathered Regolith / Phyllite,30.4,100.3,0.41,11.8,0.803,3
25.81367,91.94619,59.49,1102.5,48.5,52.9,7.12,Shillong Quartzite,48.8,138.0,0.553,15.51,0.669,3
25.71173,91.83473,66.04,1326.5,46.51,66.9,5.33,Shillong Quartzite,9.5,109.3,0.372,11.74,0.808,3
25.83136,91.87247,64.85,1286.5,36.1,118.2,7.15,Weathered Regolith / Phyllite,14.5,97.7,0.388,11.24,1.062,2
25.81689,91.91593,58.78,968.1,33.85,321.1,8.3,Weathered Regolith / Phyllite,23.6,179.0,0.527,20.34,0.86,3
25.7467,91.91159,42.26,470.6,37.5,132.6,6.23,Shillong Quartzite,20.5,101.0,0.467,11.22,1.022,2
25.68066,91.87495,43.37,479.4,45.03,260.8,6.18,Weathered Regolith / Phyllite,1.1,89.0,0.329,9.93,0.885,3
25.83132,91.86505,41.48,407.3,42.38,29.8,8.03,Colluvial Debris,120.8,191.7,0.574,21.58,0.648,3
25.79048,91.87169,47.72,650.8,42.76,212.8,8.3,Weathered Regolith / Phyllite,3.0,119.6,0.397,14.02,0.815,3
25.85853,91.85436,44.07,575.5,36.21,173.5,7.38,Weathered Regolith / Phyllite,117.9,257.4,0.691,24.0,0.684,3
25.79044,91.84669,47.8,684.5,50.75,352.1,7.34,Weathered Regolith / Phyllite,7.9,85.8,0.372,10.05,0.792,3
25.88009,91.8828,51.55,821.8,49.67,304.6,8.76,Shillong Quartzite,38.0,150.1,0.496,17.45,0.654,3
25.79901,91.85491,68.29,1372.3,39.7,163.7,9.11,Shillong Quartzite,23.8,148.9,0.522,17.46,0.786,3
25.80145,91.85737,58.31,1055.9,33.4,279.1,7.44,Weathered Regolith / Phyllite,136.8,342.9,0.85,24.0,0.763,3
25.8867,91.90538,65.05,1268.8,53.57,69.5,8.07,Weathered Regolith / Phyllite,2.0,125.6,0.389,14.57,0.676,3
25.75894,91.94591,61.31,1183.8,53.73,202.4,7.5,Granite Gneiss,18.6,150.9,0.524,17.03,0.677,3
25.68618,91.89847,43.38,546.0,49.71,26.9,8.99,Weathered Regolith / Phyllite,11.0,54.5,0.263,7.39,0.881,3
25.65777,91.83001,62.08,1179.1,36.98,125.3,7.79,Weathered Regolith / Phyllite,53.1,158.0,0.533,17.9,0.842,3
25.85389,91.82983,48.25,656.8,39.25,81.3,8.48,Weathered Regolith / Phyllite,34.4,102.1,0.418,12.24,0.946,3
25.81748,91.94369,59.17,1082.0,47.84,258.8,8.16,Weathered Regolith / Phyllite,209.3,265.2,0.753,24.0,0.649,3
25.8401,91.85865,50.23,767.7,36.54,176.4,7.86,Weathered Regolith / Phyllite,1.3,109.0,0.472,12.72,1.006,2
25.7075,91.83197,69.93,1452.3,43.39,270.4,8.39,Weathered Regolith / Phyllite,35.7,99.4,0.341,11.92,0.861,3
25.68682,91.89788,47.91,657.7,32.75,185.5,7.3,Weathered Regolith / Phyllite,21.7,141.1,0.445,15.91,1.031,3
25.65393,91.90107,48.37,666.9,46.77,31.1,6.2,Granite Gneiss,48.8,110.1,0.432,12.18,0.791,3
25.74466,91.90431,67.92,1390.1,43.82,264.7,7.41,Weathered Regolith / Phyllite,19.8,94.3,0.472,10.99,0.878,3
25.80928,91.85476,40.74,391.6,39.36,300.0,9.11,Granite Gneiss,21.8,76.8,0.311,9.81,1.012,2
25.75591,91.82196,60.9,1121.5,31.7,325.3,8.05,Shillong Quartzite,1.5,115.7,0.432,13.51,1.145,3
25.76812,91.94545,61.76,1185.1,38.98,205.9,8.12,Weathered Regolith / Phyllite,30.9,129.4,0.512,15.0,0.874,3
25.89412,91.85262,65.09,1295.9,31.38,271.3,8.38,Shillong Quartzite,8.9,60.3,0.349,7.76,1.338,1
25.74403,91.90788,69.23,1376.9,46.54,270.7,6.27,Weathered Regolith / Phyllite,0.6,76.9,0.374,8.67,0.893,3
25.78878,91.91186,69.27,1436.3,39.12,56.1,7.48,Weathered Regolith / Phyllite,1.9,103.1,0.378,11.94,0.957,3
25.86159,91.8993,41.96,549.8,45.65,59.1,8.07,Colluvial Debris,88.3,215.4,0.653,24.0,0.646,3
25.75707,91.86068,64.66,1290.0,27.71,25.5,9.76,Shillong Quartzite,11.9,105.2,0.413,13.09,1.335,1
25.81796,91.85524,59.39,1067.6,46.82,115.2,6.43,Colluvial Debris,56.7,120.5,0.487,13.37,0.757,3
25.88284,91.8977,59.42,1132.0,43.57,170.5,7.38,Granite Gneiss,89.9,204.9,0.626,22.73,0.646,3
25.90637,91.93259,43.85,622.7,43.06,359.2,6.18,Weathered Regolith / Phyllite,80.3,172.6,0.614,18.81,0.674,3
25.68971,91.94308,59.51,1117.2,33.78,155.2,7.2,Weathered Regolith / Phyllite,59.8,158.3,0.526,17.7,0.942,3
25.90018,91.83377,69.47,1362.3,40.56,261.4,7.39,Weathered Regolith / Phyllite,63.1,182.7,0.588,20.37,0.684,3
25.78287,91.84013,67.35,1382.1,41.68,249.6,7.79,Granite Gneiss,9.6,135.0,0.472,15.45,0.798,3
25.71973,91.94282,53.17,915.0,44.02,73.6,6.79,Colluvial Debris,4.6,159.7,0.524,17.68,0.687,3
25.77397,91.91575,41.2,359.4,36.3,21.1,7.05,Shillong Quartzite,28.5,187.7,0.59,20.76,0.777,3
25.91461,91.93479,50.87,817.9,34.19,196.6,8.67,Weathered Regolith / Phyllite,18.7,74.6,0.346,9.4,1.179,2
25.78301,91.84634,64.79,1259.6,31.29,252.1,9.54,Weathered Regolith / Phyllite,2.9,47.3,0.219,6.84,1.371,1
25.73876,91.89639,61.04,1189.2,29.95,359.4,7.62,Granite Gneiss,31.7,140.9,0.479,16.02,1.135,3
25.82102,91.91115,53.78,879.5,30.08,129.1,8.59,Colluvial Debris,23.2,66.2,0.393,8.47,1.373,1
25.71484,91.90841,41.65,471.6,40.88,322.7,7.0,Weathered Regolith / Phyllite,55.7,197.1,0.541,21.75,0.652,3
25.67048,91.87306,52.81,862.6,40.78,137.5,8.97,Weathered Regolith / Phyllite,119.6,189.0,0.586,21.67,0.653,3
25.6848,91.822,54.07,921.0,33.14,248.2,8.43,Weathered Regolith / Phyllite,23.9,112.8,0.406,13.35,1.096,3
25.68457,91.89578,67.86,1392.9,41.65,215.4,8.47,Weathered Regolith / Phyllite,16.3,106.0,0.426,12.65,0.877,3
25.69101,91.8529,59.23,1037.2,42.81,19.1,5.87,Granite Gneiss,17.4,120.2,0.465,13.11,0.839,3
25.68748,91.87853,49.35,716.7,47.17,28.2,7.74,Shillong Quartzite,86.4,198.7,0.623,22.21,0.647,3
25.82304,91.94449,55.76,951.3,27.96,7.5,8.27,Shillong Quartzite,4.2,72.3,0.258,8.99,1.46,1
25.69911,91.87187,41.98,518.6,40.96,133.5,7.11,Weathered Regolith / Phyllite,16.5,93.4,0.304,10.77,0.946,3
25.74333,91.92917,69.18,1440.6,43.04,268.5,6.94,Weathered Regolith / Phyllite,143.6,199.9,0.513,22.01,0.647,3
25.89213,91.84451,50.8,751.8,42.64,62.2,7.85,Weathered Regolith / Phyllite,15.9,62.2,0.311,7.75,0.993,2
25.77797,91.90742,54.34,865.0,34.43,218.1,8.47,Granite Gneiss,9.3,75.2,0.28,9.37,1.172,2
25.83024,91.94701,50.66,799.2,31.39,104.0,6.14,Shillong Quartzite,9.5,90.7,0.286,10.1,1.264,1
25.69653,91.83325,60.48,1097.6,31.35,286.9,8.23,Weathered Regolith / Phyllite,7.5,70.8,0.299,8.81,1.306,1
25.70192,91.82108,59.87,1125.5,45.54,287.4,6.48,Weathered Regolith / Phyllite,11.8,82.5,0.334,9.36,0.891,3
25.66103,91.87637,61.46,1148.9,30.82,279.1,6.88,Weathered Regolith / Phyllite,57.5,139.4,0.483,15.56,1.114,3
25.69561,91.83204,48.04,740.0,29.4,188.9,8.45,Weathered Regolith / Phyllite,19.7,134.9,0.477,15.72,1.168,2
25.72522,91.91729,49.47,702.0,39.81,102.4,7.21,Shillong Quartzite,7.7,67.6,0.331,8.07,1.051,2
25.69779,91.93889,43.76,589.1,30.07,291.4,7.96,Shillong Quartzite,13.6,92.1,0.415,10.97,1.293,1
25.67395,91.87642,59.67,1127.6,48.25,67.0,7.07,Weathered Regolith / Phyllite,120.0,245.4,0.708,24.0,0.65,3
25.68257,91.85363,41.19,424.2,36.17,104.3,8.26,Granite Gneiss,65.6,116.0,0.465,13.62,0.99,3
25.77441,91.87647,57.93,992.4,48.66,66.2,7.36,Shillong Quartzite,14.7,134.7,0.462,15.26,0.674,3
25.70571,91.91405,66.09,1390.3,37.01,242.7,9.33,Weathered Regolith / Phyllite,110.1,175.3,0.55,20.35,0.77,3
25.74835,91.82118,66.72,1299.3,39.58,247.0,7.35,Weathered Regolith / Phyllite,12.0,88.4,0.352,10.34,0.992,2
25.78592,91.89663,53.47,883.7,42.72,234.9,8.26,Granite Gneiss,50.7,151.8,0.513,17.44,0.72,3
25.83641,91.89973,53.78,896.1,48.92,149.6,6.71,Shillong Quartzite,8.3,77.7,0.377,8.94,0.849,3
25.66061,91.9029,42.31,481.2,36.18,36.1,7.9,Weathered Regolith / Phyllite,2.2,85.0,0.393,10.2,1.09,2
25.86584,91.85146,60.12,1135.6,33.15,328.0,8.13,Shillong Quartzite,0.9,99.4,0.423,11.82,1.143,2
25.81953,91.91283,64.64,1225.1,32.69,182.8,7.53,Weathered Regolith / Phyllite,26.1,112.3,0.44,12.95,1.125,3
25.67207,91.83188,47.34,734.2,42.18,146.5,7.59,Granite Gneiss,10.5,79.8,0.309,9.51,0.954,3
25.88587,91.84591,52.64,809.4,45.25,212.0,6.92,Colluvial Debris,16.4,86.6,0.481,9.97,0.88,3
25.89864,91.93407,65.17,1275.0,45.1,69.4,5.37,Shillong Quartzite,47.8,148.4,0.453,15.91,0.716,3
25.66649,91.91603,66.31,1263.4,47.78,47.7,6.6,Granite Gneiss,8.0,85.1,0.372,9.68,0.845,3
25.72476,91.82179,47.3,697.2,47.4,146.0,7.99,Weathered Regolith / Phyllite,10.3,58.9,0.429,7.45,0.914,3
25.86767,91.85229,56.52,1053.6,35.37,81.8,8.61,Shillong Quartzite,52.3,138.9,0.521,16.2,0.938,3
25.85203,91.84787,45.77,682.4,22.97,87.9,7.79,Granite Gneiss,19.0,117.6,0.411,13.61,1.603,1
25.69982,91.8552,43.06,552.4,37.51,321.3,7.58,Shillong Quartzite,49.2,123.7,0.501,14.18,0.936,3
25.70652,91.85218,67.33,1341.8,46.32,191.1,5.64,Shillong Quartzite,125.9,205.9,0.641,22.13,0.646,3
25.75003,91.82813,64.62,1261.6,32.59,174.0,7.22,Colluvial Debris,14.2,88.4,0.342,10.28,1.21,2
25.78082,91.87966,62.8,1185.1,45.27,248.2,8.28,Weathered Regolith / Phyllite,112.9,186.4,0.599,21.11,0.646,3
25.81693,91.91526,41.46,402.7,39.98,342.6,8.01,Weathered Regolith / Phyllite,69.5,251.4,0.719,24.0,0.656,3
25.74961,91.89888,65.31,1274.1,39.9,40.4,6.83,Shillong Quartzite,63.6,199.1,0.61,21.89,0.656,3
25.77488,91.90747,53.14,896.3,45.54,300.1,6.83,Granite Gneiss,116.2,183.4,0.585,20.22,0.646,3
25.85182,91.83055,50.27,724.8,36.0,210.2,8.72,Colluvial Debris,14.4,101.3,0.431,12.25,1.035,2
25.6599,91.94369,56.39,882.6,47.87,52.6,6.57,Shillong Quartzite,47.8,133.4,0.509,14.8,0.699,3
25.71816,91.929,42.74,445.8,43.08,107.0,7.17,Granite Gneiss,15.0,119.5,0.414,13.56,0.821,3
25.8426,91.92466,62.7,1227.2,50.87,173.7,7.78,Granite Gneiss,17.0,89.2,0.391,10.59,0.775,3
25.89171,91.92699,57.47,942.8,40.14,248.8,7.89,Weathered Regolith / Phyllite,49.6,112.2,0.416,13.08,0.9,3
25.78815,91.94125,45.6,577.0,36.81,87.3,7.75,Granite Gneiss,5.5,55.1,0.332,6.96,1.166,2
25.79367,91.89075,45.65,582.3,47.68,192.6,8.6,Weathered Regolith / Phyllite,7.0,61.1,0.274,7.93,0.896,3
25.67894,91.84604,45.53,603.8,40.79,246.5,6.86,Weathered Regolith / Phyllite,10.6,110.4,0.422,12.47,0.902,3
25.7708,91.90018,41.71,469.2,28.87,161.5,8.78,Weathered Regolith / Phyllite,137.2,226.6,0.605,24.0,0.917,3
25.79381,91.91657,57.63,1033.2,50.86,310.7,6.24,Weathered Regolith / Phyllite,13.1,121.1,0.475,13.37,0.696,3
25.71547,91.91593,65.21,1276.4,41.19,313.0,7.99,Weathered Regolith / Phyllite,12.4,110.9,0.496,12.98,0.878,3
25.7227,91.88779,40.52,380.6,49.18,169.4,8.43,Weathered Regolith / Phyllite,188.7,276.4,0.85,24.0,0.653,3
25.75187,91.8289,41.47,487.5,41.82,350.3,7.57,Weathered Regolith / Phyllite,13.6,129.9,0.499,14.83,0.812,3
25.65542,91.86824,57.18,930.9,33.1,27.2,8.57,Weathered Regolith / Phyllite,8.0,99.9,0.423,12.04,1.138,2
25.73696,91.9397,64.58,1291.7,43.2,1.2,8.47,Shillong Quartzite,178.2,225.8,0.759,24.0,0.647,3
25.70709,91.89598,49.8,788.8,45.31,137.0,6.33,Granite Gneiss,45.3,118.1,0.418,13.08,0.792,3
25.73842,91.88998,50.49,860.6,34.07,216.4,8.48,Colluvial Debris,2.0,82.3,0.351,10.14,1.161,2
25.68234,91.85495,57.89,996.0,37.63,226.5,9.04,Granite Gneiss,27.0,175.2,0.622,20.23,0.757,3
25.89044,91.8679,48.23,665.5,40.37,171.5,7.92,Weathered Regolith / Phyllite,1.0,104.7,0.405,12.29,0.917,3
25.81027,91.93639,40.8,430.1,49.34,45.0,6.42,Granite Gneiss,20.9,83.2,0.326,9.41,0.829,3
25.83336,91.90664,62.06,1171.1,27.88,61.4,6.93,Weathered Regolith / Phyllite,8.3,189.0,0.535,20.86,1.063,3
25.86308,91.92236,58.77,1090.3,40.45,306.8,7.02,Weathered Regolith / Phyllite,10.3,136.4,0.446,15.3,0.83,3
25.78458,91.87906,57.42,1030.7,45.78,312.4,6.13,Shillong Quartzite,17.6,61.4,0.385,6.98,0.954,3
25.67347,91.90193,62.25,1164.7,30.58,242.6,8.13,Shillong Quartzite,73.3,178.9,0.57,20.26,0.974,3
25.79502,91.85229,60.26,1105.1,54.43,239.1,5.61,Granite Gneiss,139.8,201.6,0.593,21.67,0.682,3
25.80845,91.91171,46.18,653.5,47.23,215.2,6.65,Shillong Quartzite,77.3,260.5,0.75,24.0,0.648,3
25.85127,91.87559,50.57,719.5,30.2,73.1,7.95,Weathered Regolith / Phyllite,30.2,102.0,0.418,12.02,1.253,1
25.76655,91.87753,43.78,523.1,39.34,154.2,7.7,Colluvial Debris,0.2,112.3,0.353,13.01,0.922,3
25.68445,91.90441,43.9,558.5,34.4,250.5,8.11,Shillong Quartzite,8.6,54.1,0.263,6.99,1.244,2
25.72662,91.94172,60.29,1067.3,36.2,193.4,8.4,Granite Gneiss,66.1,157.5,0.467,18.09,0.858,3
25.74803,91.82832,65.76,1159.9,40.24,6.7,5.94,Granite Gneiss,28.9,148.1,0.564,16.11,0.812,3
25.8244,91.92722,68.88,1468.7,25.73,343.3,6.75,Weathered Regolith / Phyllite,111.9,163.0,0.534,18.01,1.266,1
25.80411,91.85801,58.85,1058.9,25.85,304.1,6.6,Weathered Regolith / Phyllite,4.7,85.7,0.361,9.74,1.555,1
25.74615,91.87771,45.52,543.0,40.51,93.8,7.52,Weathered Regolith / Phyllite,9.9,101.2,0.395,11.76,0.929,3
25.91636,91.82285,43.17,547.7,39.51,221.9,5.92,Weathered Regolith / Phyllite,12.6,133.6,0.429,14.57,0.873,3
25.81356,91.85914,64.39,1245.2,40.16,332.4,8.37,Weathered Regolith / Phyllite,11.1,102.9,0.427,12.28,0.922,3
25.71405,91.88534,57.36,966.3,41.44,34.6,6.85,Shillong Quartzite,8.1,124.3,0.527,13.95,0.845,3
25.67748,91.8273,58.55,1064.0,33.75,181.1,9.28,Colluvial Debris,16.4,110.7,0.399,13.48,1.071,3
25.69127,91.88384,63.44,1222.6,43.05,164.2,7.6,Colluvial Debris,28.8,119.0,0.477,13.68,0.818,3
25.71641,91.94052,61.1,1113.9,42.44,147.7,7.51,Granite Gneiss,10.4,83.7,0.36,9.9,0.937,3
25.69338,91.8337,65.03,1245.4,52.67,300.8,8.02,Weathered Regolith / Phyllite,2.3,86.3,0.339,10.37,0.759,3
25.70037,91.91938,41.69,418.0,37.09,137.0,8.39,Weathered Regolith / Phyllite,34.5,100.8,0.438,12.06,1.009,2
25.72698,91.87326,62.43,1214.3,35.66,22.9,8.17,Shillong Quartzite,130.0,187.9,0.529,21.23,0.781,3
25.69681,91.90517,65.53,1243.5,44.33,23.7,8.88,Weathered Regolith / Phyllite,22.8,120.0,0.387,14.3,0.776,3
25.89213,91.85383,48.58,668.5,41.59,15.4,7.48,Granite Gneiss,142.7,207.2,0.707,23.01,0.65,3
25.67166,91.84073,59.21,1076.5,36.07,147.3,8.69,Colluvial Debris,128.7,239.4,0.69,24.0,0.688,3
25.79162,91.84086,49.42,788.2,41.24,258.6,7.37,Weathered Regolith / Phyllite,22.9,134.3,0.523,15.22,0.814,3
25.76081,91.82916,68.74,1411.2,44.53,73.3,8.48,Granite Gneiss,71.9,115.2,0.429,13.63,0.791,3
25.91524,91.84413,41.0,458.6,41.1,232.7,6.99,Weathered Regolith / Phyllite,20.0,128.5,0.361,14.45,0.839,3
25.68025,91.90635,57.39,1012.9,43.0,247.4,7.03,Shillong Quartzite,9.7,112.8,0.455,12.8,0.844,3
25.75742,91.93462,45.0,611.1,34.78,91.9,8.38,Weathered Regolith / Phyllite,12.3,96.2,0.406,11.58,1.094,2
25.91176,91.92584,61.37,1225.3,45.15,216.2,6.68,Weathered Regolith / Phyllite,20.7,116.7,0.407,13.07,0.795,3
25.88369,91.90907,45.28,567.2,43.19,246.6,6.81,Granite Gneiss,21.1,53.9,0.342,6.45,1.018,2
25.87061,91.83436,47.06,647.7,31.72,168.0,7.49,Granite Gneiss,170.7,270.8,0.813,24.0,0.816,3
25.71963,91.85759,54.83,926.0,43.87,121.2,8.06,Shillong Quartzite,7.1,128.6,0.433,14.89,0.768,3
25.69614,91.86027,67.45,1381.8,35.81,222.9,8.98,Shillong Quartzite,30.1,127.8,0.504,15.17,0.955,3
25.83053,91.85249,46.35,627.6,53.82,352.0,7.7,Shillong Quartzite,42.2,159.7,0.54,18.04,0.677,3
25.90093,91.88695,44.33,529.7,37.78,153.7,8.69,Granite Gneiss,31.6,83.6,0.367,10.36,1.039,2
25.80033,91.88962,62.77,1196.6,33.58,141.0,8.09,Colluvial Debris,18.4,120.1,0.415,13.99,1.061,3
25.80434,91.8664,55.02,1022.9,36.12,167.1,6.25,Colluvial Debris,134.1,301.7,0.807,24.0,0.687,3
25.72559,91.86599,67.35,1369.9,41.14,27.4,6.28,Granite Gneiss,14.5,114.6,0.489,12.69,0.888,3
25.85776,91.92771,44.4,477.5,37.11,199.1,7.98,Shillong Quartzite,3.2,92.0,0.398,10.96,1.04,2
25.7005,91.92261,59.38,1062.4,43.6,118.3,7.13,Shillong Quartzite,48.2,162.2,0.575,18.09,0.684,3
25.73739,91.86001,46.99,645.1,33.62,43.7,7.12,Weathered Regolith / Phyllite,6.7,113.3,0.41,12.88,1.094,3
25.76487,91.93879,44.7,559.0,33.49,167.9,7.89,Weathered Regolith / Phyllite,35.0,173.2,0.581,19.55,0.895,3
25.78705,91.94387,60.5,1114.9,40.42,1.2,8.15,Granite Gneiss,5.5,240.3,0.695,24.0,0.654,3
25.71545,91.86248,57.81,1034.8,29.9,144.6,7.81,Granite Gneiss,0.5,88.2,0.401,10.5,1.316,1
25.68101,91.86608,62.64,1212.9,46.43,38.1,8.31,Shillong Quartzite,4.9,120.5,0.389,14.12,0.743,3
25.81487,91.88573,49.28,735.3,34.75,8.7,8.54,Weathered Regolith / Phyllite,13.2,132.3,0.416,15.47,0.978,3
25.72793,91.94235,53.44,908.4,40.05,296.8,8.34,Weathered Regolith / Phyllite,3.2,136.6,0.436,15.85,0.824,3
25.80693,91.93392,52.16,765.9,31.05,329.8,9.79,Weathered Regolith / Phyllite,6.2,110.2,0.422,13.63,1.166,2
25.69168,91.83333,69.52,1423.2,28.92,74.8,7.57,Weathered Regolith / Phyllite,40.5,130.3,0.378,14.87,1.217,2
25.77991,91.87105,48.77,724.2,48.56,194.1,7.81,Shillong Quartzite,152.4,204.4,0.648,22.84,0.651,3
25.7938,91.89194,48.84,719.8,36.4,100.1,8.83,Colluvial Debris,47.6,182.9,0.607,20.97,0.768,3
25.66399,91.88541,50.64,746.2,32.73,177.7,8.21,Weathered Regolith / Phyllite,177.2,241.1,0.641,24.0,0.783,3
25.74088,91.8452,56.94,971.5,45.97,157.2,8.28,Shillong Quartzite,15.3,37.2,0.246,5.27,0.998,2
25.68629,91.93165,47.57,631.3,52.38,96.9,7.08,Weathered Regolith / Phyllite,56.6,120.0,0.518,13.58,0.67,3
25.66711,91.908,67.46,1400.1,39.38,252.1,7.99,Colluvial Debris,20.9,119.0,0.424,13.84,0.897,3
25.91729,91.92893,47.97,604.9,44.54,45.5,5.85,Colluvial Debris,17.8,118.9,0.401,12.98,0.809,3
25.73704,91.93164,66.87,1289.3,47.03,19.1,9.22,Weathered Regolith / Phyllite,35.5,85.7,0.354,10.8,0.826,3
25.86867,91.91729,43.1,525.4,43.53,276.4,8.4,Colluvial Debris,6.7,68.0,0.377,8.59,0.951,3
25.71875,91.8771,59.7,1111.1,36.98,239.7,8.86,Shillong Quartzite,43.6,149.7,0.463,17.44,0.855,3
25.83401,91.89937,67.21,1289.0,50.28,179.5,7.87,Weathered Regolith / Phyllite,15.7,103.5,0.43,12.14,0.739,3
25.85526,91.84085,45.06,602.2,34.92,168.4,6.93,Shillong Quartzite,3.8,78.0,0.369,9.06,1.164,2
25.81082,91.90757,69.05,1424.0,48.87,179.1,5.5,Weathered Regolith / Phyllite,3.6,130.6,0.467,14.07,0.704,3
25.77733,91.8433,53.59,896.2,37.57,157.3,8.82,Shillong Quartzite,142.2,208.3,0.623,23.66,0.668,3
25.7612,91.91021,68.37,1395.9,37.26,141.4,7.56,Colluvial Debris,61.9,144.9,0.536,16.42,0.877,3
25.74419,91.84985,60.3,1127.7,29.68,179.9,7.44,Granite Gneiss,131.7,223.9,0.627,24.0,0.886,3
25.90097,91.83528,49.05,735.1,38.47,190.3,7.95,Weathered Regolith / Phyllite,12.4,82.6,0.378,9.96,1.031,2
25.87427,91.84149,45.65,616.6,37.6,249.1,7.62,Weathered Regolith / Phyllite,9.7,138.8,0.423,15.79,0.887,3
25.91056,91.82026,49.11,728.7,47.01,256.0,7.88,Weathered Regolith / Phyllite,6.9,71.3,0.375,8.73,0.884,3
25.68356,91.91344,42.79,494.2,45.75,135.9,7.5,Weathered Regolith / Phyllite,196.0,336.7,0.85,24.0,0.646,3
25.84733,91.91521,44.32,547.9,42.36,148.9,8.16,Weathered Regolith / Phyllite,6.6,54.7,0.284,7.08,1.018,2
25.90335,91.88694,43.14,519.1,35.26,134.5,8.86,Shillong Quartzite,72.2,169.3,0.543,19.54,0.842,3
25.69893,91.84098,52.69,877.1,47.5,193.2,6.52,Granite Gneiss,30.8,85.5,0.387,9.69,0.849,3
25.66795,91.83086,63.87,1313.9,31.83,163.2,7.57,Granite Gneiss,63.7,152.6,0.462,17.25,1.023,3
25.8501,91.82249,44.24,569.6,35.02,320.3,7.76,Weathered Regolith / Phyllite,22.6,60.2,0.3,7.5,1.207,2
25.80511,91.84155,43.91,551.9,38.14,250.7,9.28,Weathered Regolith / Phyllite,32.9,85.5,0.368,10.8,1.016,2
25.87729,91.93581,59.3,1124.2,43.75,323.5,7.24,Weathered Regolith / Phyllite,27.1,185.0,0.519,20.56,0.646,3
25.68774,91.8514,45.92,622.9,34.26,255.3,7.63,Weathered Regolith / Phyllite,49.8,160.3,0.569,18.09,0.916,3
25.86472,91.86606,42.93,460.1,43.56,349.6,8.01,Weathered Regolith / Phyllite,50.6,113.1,0.512,13.22,0.821,3
25.70444,91.83369,45.01,545.9,27.05,228.9,8.02,Weathered Regolith / Phyllite,25.0,94.7,0.485,11.27,1.432,1
25.69419,91.84891,67.71,1443.1,51.19,346.9,8.74,Shillong Quartzite,28.0,102.5,0.327,12.38,0.719,3
25.69435,91.8875,64.64,1234.0,36.39,56.9,8.97,Colluvial Debris,71.4,123.6,0.498,14.72,0.952,3
25.86994,91.89901,50.62,794.6,46.57,18.9,7.55,Shillong Quartzite,74.4,161.3,0.51,18.15,0.647,3
25.8296,91.8519,59.67,1049.1,26.14,208.5,8.64,Granite Gneiss,30.6,54.6,0.296,7.25,1.625,1
25.79123,91.82751,56.12,1015.5,28.71,354.1,6.46,Weathered Regolith / Phyllite,0.2,108.0,0.378,12.06,1.32,1
25.74688,91.87083,60.31,1092.6,50.02,150.3,7.89,Colluvial Debris,3.1,70.7,0.36,8.67,0.841,3
25.88684,91.85045,60.48,1120.1,30.62,76.3,8.62,Weathered Regolith / Phyllite,54.6,122.7,0.35,14.49,1.156,2
25.75596,91.84854,58.86,1051.0,43.9,187.8,7.22,Weathered Regolith / Phyllite,2.5,41.3,0.223,5.28,1.037,2
25.87048,91.94478,47.98,699.6,46.84,233.6,6.65,Weathered Regolith / Phyllite,6.7,88.2,0.284,10.03,0.85,3
25.76857,91.90012,41.17,447.8,33.44,113.5,9.17,Weathered Regolith / Phyllite,7.3,121.9,0.425,14.62,1.047,3
25.75177,91.89239,53.67,914.7,48.79,257.3,7.24,Shillong Quartzite,25.7,138.1,0.471,15.57,0.663,3
25.77492,91.87405,66.73,1361.7,42.72,351.0,8.04,Colluvial Debris,24.1,131.9,0.407,15.23,0.782,3
25.73137,91.87576,57.08,1009.2,46.41,322.9,5.6,Granite Gneiss,9.6,135.6,0.499,14.65,0.728,3
25.85185,91.89032,64.97,1300.1,35.98,105.0,7.66,Weathered Regolith / Phyllite,6.5,118.6,0.458,13.66,0.994,3
25.78573,91.91054,69.75,1469.2,32.9,117.6,8.84,Shillong Quartzite,40.5,94.1,0.422,11.53,1.16,2
25.7127,91.91128,44.91,555.9,43.88,133.8,7.3,Shillong Quartzite,176.0,333.2,0.85,24.0,0.646,3
25.89289,91.84232,60.75,1107.4,47.07,142.0,7.76,Granite Gneiss,1.5,72.4,0.329,8.79,0.881,3
25.75365,91.88501,60.23,1170.1,41.26,36.1,6.8,Granite Gneiss,4.0,166.2,0.555,18.38,0.724,3
25.79676,91.87355,69.4,1457.2,50.5,274.3,7.15,Shillong Quartzite,169.9,252.0,0.693,24.0,0.658,3
25.89475,91.93317,69.57,1451.1,46.28,131.5,8.77,Shillong Quartzite,45.7,146.0,0.504,17.02,0.664,3
25.81854,91.90208,60.6,1088.9,49.81,316.7,7.57,Granite Gneiss,43.9,115.0,0.437,13.24,0.714,3
25.68156,91.88923,47.31,584.3,51.78,333.7,8.46,Weathered Regolith / Phyllite,121.5,236.3,0.761,24.0,0.664,3
25.90375,91.835,63.96,1226.8,48.06,8.8,8.59,Weathered Regolith / Phyllite,61.2,136.6,0.502,15.95,0.664,3
25.81948,91.89873,43.21,494.3,43.96,355.9,8.95,Shillong Quartzite,6.9,97.4,0.417,11.93,0.849,3
25.74042,91.83524,63.42,1207.3,31.01,255.6,9.18,Colluvial Debris,3.2,139.2,0.474,16.46,1.078,3
25.6876,91.86384,67.31,1389.8,52.58,187.3,5.07,Weathered Regolith / Phyllite,26.8,142.3,0.362,15.14,0.669,3
25.86439,91.83857,51.49,863.1,34.53,140.2,9.23,Colluvial Debris,48.4,132.2,0.472,15.73,0.977,3
25.81742,91.90997,58.92,1106.5,38.28,186.7,6.58,Weathered Regolith / Phyllite,24.4,140.1,0.469,15.52,0.876,3
25.79403,91.84681,52.9,827.4,34.24,116.9,6.09,Weathered Regolith / Phyllite,92.3,150.6,0.467,16.44,0.965,3
25.89135,91.87094,53.13,881.2,39.29,224.2,6.04,Weathered Regolith / Phyllite,44.5,150.0,0.54,16.35,0.827,3
25.86292,91.93644,49.31,706.4,34.06,33.5,7.54,Colluvial Debris,33.8,120.7,0.485,13.84,1.05,3
25.69095,91.84656,62.86,1126.6,42.75,223.6,7.95,Weathered Regolith / Phyllite,1.7,100.4,0.361,11.85,0.876,3
25.73416,91.88601,68.09,1379.9,47.21,99.1,7.23,Shillong Quartzite,3.2,64.3,0.323,7.72,0.909,3
25.71709,91.87451,68.22,1438.2,41.95,6.3,5.69,Weathered Regolith / Phyllite,43.0,116.1,0.431,12.61,0.872,3
25.85087,91.82236,45.24,570.1,35.76,199.0,7.83,Shillong Quartzite,6.2,102.6,0.451,12.03,1.049,2
25.65905,91.92306,66.24,1351.8,47.23,208.2,7.34,Colluvial Debris,0.8,70.4,0.352,8.41,0.889,3
25.80387,91.82898,62.12,1147.7,49.08,153.6,8.08,Weathered Regolith / Phyllite,67.7,112.8,0.457,13.22,0.725,3
25.85586,91.88165,47.59,693.0,29.61,26.0,7.49,Granite Gneiss,62.0,131.7,0.455,14.99,1.182,2
25.88673,91.89289,42.02,460.9,44.21,321.6,6.73,Colluvial Debris,6.9,134.2,0.492,14.95,0.76,3
25.74236,91.9017,48.04,742.3,49.8,220.1,6.68,Weathered Regolith / Phyllite,42.4,135.7,0.513,15.09,0.662,3
25.87174,91.90952,67.37,1345.3,36.37,41.7,7.31,Granite Gneiss,1.4,108.3,0.511,12.43,1.019,2
25.67987,91.85293,59.0,1043.1,42.46,183.9,7.91,Weathered Regolith / Phyllite,9.4,144.3,0.476,16.49,0.752,3
25.87854,91.8213,61.63,1216.0,42.78,179.0,7.57,Weathered Regolith / Phyllite,27.4,124.2,0.439,14.22,0.809,3
25.68442,91.91405,47.71,646.9,38.14,21.7,7.35,Shillong Quartzite,40.3,142.6,0.464,16.09,0.864,3
25.75727,91.88964,61.58,1163.9,42.35,218.5,7.32,Granite Gneiss,0.3,36.3,0.242,4.78,1.083,2
25.86527,91.9287,40.84,406.7,43.89,291.0,7.25,Weathered Regolith / Phyllite,11.1,105.4,0.467,12.1,0.846,3
25.69048,91.92678,51.26,831.1,51.52,269.6,8.89,Weathered Regolith / Phyllite,132.8,193.3,0.572,22.09,0.663,3
25.7119,91.92963,58.8,1110.0,43.08,73.1,6.83,Colluvial Debris,187.9,250.7,0.747,24.0,0.647,3
25.84501,91.88306,44.38,526.4,51.92,310.4,8.16,Granite Gneiss,31.1,198.3,0.656,22.33,0.665,3
25.84441,91.86337,64.69,1286.0,36.66,123.3,8.39,Weathered Regolith / Phyllite,14.6,101.7,0.452,12.16,1.018,2
25.82311,91.9229,47.05,672.3,41.9,340.7,5.47,Shillong Quartzite,2.2,104.0,0.467,11.24,0.911,3
25.83737,91.87867,59.57,1089.9,41.71,25.8,9.56,Weathered Regolith / Phyllite,95.8,136.8,0.5,16.36,0.771,3
25.79654,91.84385,52.16,886.5,45.42,175.0,8.21,Weathered Regolith / Phyllite,28.7,118.4,0.455,13.87,0.768,3
25.71799,91.93115,57.88,1086.6,36.56,215.0,8.33,Shillong Quartzite,47.5,182.6,0.559,20.73,0.771,3
25.74334,91.93473,43.22,478.7,50.53,89.2,7.12,Shillong Quartzite,9.5,72.6,0.261,8.56,0.837,3
25.69903,91.88062,40.51,466.1,43.15,277.7,7.77,Weathered Regolith / Phyllite,111.6,184.9,0.563,20.75,0.647,3
25.89528,91.82984,67.29,1375.3,36.81,225.7,7.13,Granite Gneiss,16.2,74.7,0.351,8.79,1.112,2
25.80752,91.87042,48.09,692.9,33.08,6.5,6.1,Weathered Regolith / Phyllite,9.8,54.2,0.34,6.2,1.317,1
25.75823,91.92446,64.59,1251.4,33.13,219.0,8.89,Shillong Quartzite,12.0,119.5,0.503,14.25,1.069,3
25.77474,91.93723,69.98,1390.0,31.98,176.9,9.15,Weathered Regolith / Phyllite,20.5,118.9,0.442,14.29,1.109,3
25.90577,91.84645,46.34,633.3,32.92,70.6,6.9,Weathered Regolith / Phyllite,139.3,210.5,0.688,23.13,0.804,3
25.6914,91.82871,47.96,690.7,47.29,358.5,8.23,Weathered Regolith / Phyllite,37.2,76.1,0.354,9.38,0.861,3
25.80828,91.93406,59.89,1175.8,30.62,323.0,8.71,Shillong Quartzite,24.1,112.9,0.437,13.48,1.188,2
25.78659,91.87062,68.96,1386.8,42.66,105.3,6.62,Weathered Regolith / Phyllite,5.0,115.3,0.422,12.9,0.848,3
25.81509,91.89043,67.47,1297.3,33.38,194.8,7.78,Weathered Regolith / Phyllite,4.5,100.3,0.382,11.77,1.136,2
25.65489,91.94585,55.09,880.9,40.1,113.9,7.53,Weathered Regolith / Phyllite,19.5,130.1,0.443,14.84,0.851,3
25.88547,91.82865,63.85,1298.5,39.62,279.2,8.42,Shillong Quartzite,36.5,111.8,0.404,13.25,0.908,3
25.90167,91.90428,44.07,524.6,36.35,334.9,8.77,Weathered Regolith / Phyllite,38.9,128.4,0.436,15.15,0.94,3
25.80259,91.82963,69.32,1480.9,39.61,129.2,6.3,Shillong Quartzite,7.2,57.5,0.341,6.63,1.097,2
25.8381,91.86881,68.93,1412.8,41.84,290.0,7.84,Weathered Regolith / Phyllite,3.0,183.2,0.634,20.6,0.65,3
25.89907,91.9245,44.91,532.9,41.49,179.4,8.36,Shillong Quartzite,13.6,157.9,0.497,18.12,0.727,3
25.84095,91.87635,48.98,794.4,45.6,142.8,8.29,Colluvial Debris,70.1,166.3,0.51,18.99,0.646,3
25.69119,91.94963,43.0,557.9,33.05,337.8,6.83,Shillong Quartzite,22.1,110.5,0.416,12.47,1.126,3
25.8056,91.89268,48.15,678.1,42.59,183.7,7.72,Granite Gneiss,10.8,100.1,0.365,11.72,0.883,3
25.81381,91.86175,64.48,1296.6,43.89,168.3,8.57,Granite Gneiss,10.9,46.2,0.241,6.34,1.007,2
25.76452,91.84861,51.35,802.2,43.46,242.1,7.11,Colluvial Debris,4.0,103.7,0.394,11.86,0.861,3
25.84884,91.86557,42.65,510.3,33.22,94.0,7.79,Weathered Regolith / Phyllite,17.9,104.7,0.42,12.25,1.127,2
25.90228,91.86843,50.27,829.8,46.69,116.9,8.3,Granite Gneiss,43.9,107.2,0.425,12.71,0.778,3
25.8999,91.82893,69.44,1369.7,34.57,335.5,6.45,Colluvial Debris,96.9,178.6,0.56,19.55,0.862,3
25.77173,91.86804,58.89,1046.8,46.06,244.3,8.5,Weathered Regolith / Phyllite,19.5,109.1,0.399,12.99,0.781,3
25.68057,91.88035,52.48,838.1,41.0,297.6,7.17,Weathered Regolith / Phyllite,5.1,63.4,0.344,7.61,1.035,2
25.91591,91.91396,45.0,588.2,41.38,97.6,5.44,Colluvial Debris,32.2,83.6,0.379,9.06,0.985,2
25.8765,91.90537,69.59,1385.5,36.4,195.8,7.07,Shillong Quartzite,39.6,183.1,0.59,20.28,0.788,3
25.68366,91.91214,64.63,1298.6,48.69,349.7,5.94,Weathered Regolith / Phyllite,71.7,139.0,0.463,15.15,0.677,3
25.89863,91.82109,48.44,649.4,32.28,114.7,6.55,Granite Gneiss,53.1,109.9,0.475,12.3,1.16,2
25.88487,91.8483,42.1,423.6,46.86,57.8,7.99,Weathered Regolith / Phyllite,49.5,141.9,0.44,16.28,0.675,3
25.79009,91.90602,41.7,449.4,30.05,183.9,7.23,Weathered Regolith / Phyllite,17.9,66.3,0.303,7.94,1.391,1
25.80964,91.88292,43.61,602.2,45.22,139.6,8.85,Shillong Quartzite,23.0,120.0,0.405,14.29,0.759,3
25.75773,91.82069,57.42,1111.5,43.02,57.4,7.68,Shillong Quartzite,35.0,145.0,0.499,16.48,0.741,3
25.66479,91.92458,67.86,1394.7,36.31,319.9,7.77,Granite Gneiss,31.6,153.0,0.49,17.37,0.876,3
25.7405,91.92047,54.9,912.1,26.54,356.7,8.09,Shillong Quartzite,0.5,73.4,0.345,9.03,1.539,1
25.86677,91.89129,65.29,1291.3,31.78,204.7,8.53,Granite Gneiss,3.7,54.0,0.32,7.15,1.34,1
25.65125,91.82864,53.38,881.6,34.61,278.9,7.81,Weathered Regolith / Phyllite,5.0,78.9,0.404,9.5,1.162,2
25.74004,91.91965,61.26,1202.7,51.01,309.3,6.09,Shillong Quartzite,39.5,100.1,0.409,11.07,0.76,3
25.75751,91.89588,61.96,1119.7,41.42,252.4,8.74,Weathered Regolith / Phyllite,16.2,117.0,0.445,13.93,0.846,3
25.7951,91.92165,45.22,630.4,38.07,15.9,7.62,Weathered Regolith / Phyllite,22.1,146.9,0.52,16.65,0.849,3
25.89836,91.91773,50.84,722.2,49.13,56.7,5.83,Colluvial Debris,133.4,182.7,0.491,19.75,0.652,3
25.74351,91.92439,59.12,1049.9,45.21,25.6,7.63,Weathered Regolith / Phyllite,11.7,71.2,0.339,8.62,0.918,3
25.74368,91.88734,42.12,474.1,35.59,3.6,8.27,Granite Gneiss,38.7,135.3,0.433,15.68,0.946,3
25.84913,91.83824,50.85,796.1,35.02,110.2,7.27,Weathered Regolith / Phyllite,16.4,104.8,0.385,12.04,1.072,2
25.7721,91.90725,56.04,961.4,37.92,141.2,8.6,Weathered Regolith / Phyllite,13.3,145.3,0.495,16.88,0.847,3
25.71064,91.90066,69.89,1453.0,43.74,86.8,8.04,Weathered Regolith / Phyllite,11.3,151.1,0.551,17.27,0.704,3
25.77216,91.91649,54.24,899.9,28.95,23.3,8.54,Granite Gneiss,93.8,188.7,0.524,21.46,0.998,3
25.68803,91.84208,64.48,1196.0,47.9,190.8,7.25,Weathered Regolith / Phyllite,41.4,154.0,0.528,17.26,0.649,3
25.69762,91.84535,52.96,876.7,43.44,98.4,9.09,Shillong Quartzite,0.6,70.2,0.339,9.09,0.939,3
25.78456,91.93575,63.89,1268.7,40.31,286.6,7.07,Shillong Quartzite,88.4,180.7,0.595,20.03,0.699,3
25.76311,91.9175,57.86,1078.9,35.81,2.9,8.09,Weathered Regolith / Phyllite,41.8,123.7,0.542,14.38,0.978,3
25.89701,91.93807,66.6,1404.8,40.38,303.3,7.19,Shillong Quartzite,4.5,52.3,0.357,6.43,1.083,2
25.74785,91.91863,52.33,847.9,37.82,343.7,8.45,Weathered Regolith / Phyllite,2.2,80.2,0.368,9.9,1.051,2
25.80676,91.89763,58.13,1091.0,35.98,257.8,6.1,Colluvial Debris,10.3,51.9,0.317,5.95,1.221,2
25.82071,91.90504,58.9,1062.2,29.5,264.1,6.33,Weathered Regolith / Phyllite,27.4,104.6,0.409,11.65,1.296,1
25.65354,91.93559,52.52,780.2,49.14,336.1,8.24,Weathered Regolith / Phyllite,89.9,194.1,0.637,21.92,0.652,3
25.82916,91.89524,44.33,590.0,44.48,75.3,7.41,Weathered Regolith / Phyllite,9.0,84.8,0.368,9.97,0.894,3
25.69807,91.90221,42.81,527.8,42.33,358.0,7.22,Shillong Quartzite,16.5,151.6,0.531,17.0,0.74,3
25.90949,91.84034,40.5,417.5,47.03,278.5,7.77,Shillong Quartzite,6.7,79.2,0.328,9.52,0.861,3
25.69014,91.88161,66.21,1314.7,40.15,261.6,8.25,Colluvial Debris,1.5,71.3,0.346,8.88,1.019,2
25.76195,91.91313,47.09,667.4,39.46,130.0,6.83,Colluvial Debris,20.4,99.4,0.453,11.3,0.967,3
25.67304,91.85522,46.35,608.6,30.46,196.5,7.1,Weathered Regolith / Phyllite,11.9,135.9,0.502,15.27,1.138,3
25.91916,91.84629,62.08,1190.5,35.17,235.4,9.35,Shillong Quartzite,21.9,97.1,0.398,12.05,1.067,2
25.78559,91.8608,49.6,699.1,43.24,223.3,7.86,Granite Gneiss,82.0,140.9,0.374,16.11,0.746,3
25.81075,91.8514,55.18,899.0,45.84,253.8,7.24,Colluvial Debris,4.3,69.8,0.349,8.31,0.915,3
25.66811,91.84794,44.88,517.8,32.78,29.7,8.79,Weathered Regolith / Phyllite,0.1,88.0,0.37,10.86,1.185,2
25.85249,91.87523,68.79,1497.5,53.98,128.0,7.31,Weathered Regolith / Phyllite,2.2,37.4,0.219,4.9,0.907,3
25.70667,91.93802,65.55,1297.1,50.53,156.2,6.6,Colluvial Debris,17.4,102.3,0.402,11.5,0.753,3
25.89247,91.88592,65.91,1355.3,35.84,93.8,6.98,Weathered Regolith / Phyllite,34.4,106.8,0.413,12.14,1.043,2
25.70539,91.84443,52.2,783.2,46.5,62.1,7.24,Shillong Quartzite,24.3,199.8,0.62,22.12,0.646,3
25.70149,91.83001,62.87,1193.2,42.21,50.0,8.64,Colluvial Debris,19.1,80.6,0.387,10.02,0.939,3
25.65987,91.9105,44.32,573.1,34.52,131.9,6.26,Granite Gneiss,12.2,71.6,0.329,8.11,1.206,2
25.77746,91.86976,40.26,467.9,34.11,177.6,7.09,Weathered Regolith / Phyllite,10.4,87.9,0.363,10.17,1.158,2
25.80251,91.92684,40.6,396.9,44.96,22.7,8.67,Weathered Regolith / Phyllite,13.2,114.1,0.417,13.59,0.784,3
25.66774,91.90574,57.6,999.8,43.8,340.7,6.3,Weathered Regolith / Phyllite,26.5,131.8,0.48,14.53,0.78,3
25.85939,91.92351,53.66,846.5,33.51,275.5,8.31,Colluvial Debris,5.1,44.9,0.301,6.1,1.304,1
25.77239,91.85535,55.54,939.1,42.37,263.1,6.78,Colluvial Debris,41.3,117.1,0.489,13.15,0.848,3
25.79159,91.91001,40.22,367.0,46.74,62.2,7.77,Granite Gneiss,24.0,131.3,0.49,15.06,0.711,3
25.76901,91.85433,52.68,786.4,38.3,217.4,7.49,Shillong Quartzite,8.8,77.0,0.392,9.17,1.059,2
25.75821,91.94208,61.54,1164.3,40.82,190.7,6.29,Weathered Regolith / Phyllite,19.5,94.9,0.423,10.6,0.954,3
25.8011,91.90273,53.28,891.7,38.42,353.7,8.01,Shillong Quartzite,92.1,182.8,0.588,20.63,0.726,3
25.69191,91.86219,61.97,1123.3,44.49,269.2,8.05,Weathered Regolith / Phyllite,0.6,62.3,0.288,7.84,0.953,3
25.69912,91.85504,46.99,617.7,38.52,207.3,8.25,Shillong Quartzite,6.2,160.5,0.549,18.35,0.789,3
25.88268,91.84482,64.39,1249.8,28.91,306.3,8.51,Shillong Quartzite,16.7,69.1,0.394,8.74,1.42,1
25.90545,91.9103,57.65,1086.1,50.72,55.8,7.37,Shillong Quartzite,28.5,93.9,0.43,10.92,0.768,3
25.75079,91.84843,46.32,508.0,31.93,5.5,8.09,Colluvial Debris,129.7,197.7,0.666,22.24,0.863,3
25.7231,91.89739,47.1,666.4,32.46,248.5,8.36,Weathered Regolith / Phyllite,75.0,141.7,0.418,16.4,1.026,3
25.82388,91.8544,58.84,1086.6,44.82,35.4,8.06,Granite Gneiss,120.5,194.2,0.529,21.86,0.646,3
25.76036,91.90606,64.9,1243.0,32.79,41.6,8.4,Weathered Regolith / Phyllite,58.8,202.6,0.606,22.89,0.816,3
25.65685,91.92594,52.47,822.4,48.49,268.1,7.67,Granite Gneiss,11.2,104.7,0.429,12.19,0.763,3
25.69216,91.92114,47.75,684.5,36.06,97.4,6.75,Shillong Quartzite,49.4,115.3,0.419,12.95,1.013,3
25.84331,91.91891,66.01,1309.2,49.44,226.3,6.52,Weathered Regolith / Phyllite,13.3,84.7,0.358,9.61,0.822,3
25.82791,91.8444,60.08,1170.7,31.51,330.3,7.35,Weathered Regolith / Phyllite,8.2,58.8,0.25,7.19,1.35,1
25.65732,91.83149,53.44,874.6,39.77,113.9,8.96,Weathered Regolith / Phyllite,67.9,169.8,0.529,19.63,0.723,3
25.70993,91.91086,54.64,946.7,46.6,78.2,8.18,Weathered Regolith / Phyllite,2.7,123.4,0.416,14.38,0.732,3
25.71239,91.86789,46.13,632.5,43.49,38.4,7.75,Granite Gneiss,80.2,164.1,0.507,18.54,0.673,3
25.83141,91.87621,58.8,1085.9,33.36,47.0,7.25,Weathered Regolith / Phyllite,17.2,67.6,0.299,8.08,1.249,2
25.65532,91.82405,50.76,745.6,43.62,22.4,6.25,Shillong Quartzite,137.5,240.7,0.666,24.0,0.646,3
25.67811,91.85374,69.87,1453.5,47.48,31.6,8.6,Weathered Regolith / Phyllite,21.7,116.0,0.339,13.77,0.735,3
25.86598,91.82438,54.41,901.6,36.37,155.5,8.97,Shillong Quartzite,39.7,190.0,0.655,21.78,0.745,3
25.69821,91.93429,54.58,881.5,35.38,115.5,6.54,Granite Gneiss,0.2,112.8,0.424,12.6,1.044,3
25.82624,91.85164,56.98,1031.1,33.36,254.4,8.76,Weathered Regolith / Phyllite,19.2,76.6,0.321,9.64,1.201,2
25.71431,91.89245,67.5,1282.0,44.11,313.3,7.46,Shillong Quartzite,37.4,123.7,0.446,14.13,0.785,3
25.67685,91.82507,64.02,1294.7,42.45,282.5,7.16,Granite Gneiss,42.8,126.0,0.471,14.26,0.815,3
25.71566,91.90669,53.53,784.9,42.4,191.0,8.27,Weathered Regolith / Phyllite,4.8,53.4,0.302,6.98,1.02,2
25.84501,91.86199,61.56,1148.5,42.12,36.9,7.96,Granite Gneiss,15.2,89.0,0.346,10.64,0.923,3
25.88104,91.93673,57.59,1053.2,40.62,255.5,8.44,Weathered Regolith / Phyllite,15.2,88.1,0.413,10.73,0.955,3
25.87416,91.93546,54.77,869.5,38.24,130.6,6.21,Weathered Regolith / Phyllite,3.1,100.3,0.377,11.14,1.004,2
25.75724,91.86229,45.77,618.9,40.49,30.8,7.21,Shillong Quartzite,16.4,103.6,0.399,11.9,0.925,3
25.83038,91.93712,53.92,899.8,34.54,303.3,7.43,Weathered Regolith / Phyllite,46.1,212.3,0.716,23.53,0.744,3
25.70535,91.9495,47.37,671.2,46.97,121.8,7.02,Granite Gneiss,10.0,68.0,0.412,8.04,0.904,3
25.72915,91.9273,67.45,1346.6,48.08,78.6,7.47,Weathered Regolith / Phyllite,15.9,112.4,0.473,12.93,0.749,3
25.89201,91.92983,50.06,733.6,42.61,313.7,7.02,Weathered Regolith / Phyllite,90.8,141.5,0.465,15.85,0.767,3
25.65351,91.85237,68.57,1337.1,40.34,324.8,7.58,Shillong Quartzite,0.9,136.5,0.463,15.53,0.826,3
25.67309,91.89497,55.99,955.5,29.19,122.0,7.79,Shillong Quartzite,25.1,142.1,0.461,16.21,1.161,2
25.70613,91.82874,58.95,1099.8,32.37,127.7,8.62,Granite Gneiss,38.1,146.3,0.492,17.0,1.011,3
25.65716,91.83234,56.29,951.8,41.63,208.7,7.95,Weathered Regolith / Phyllite,40.1,123.2,0.472,14.26,0.832,3
25.69899,91.94986,43.88,519.6,40.15,264.0,8.13,Granite Gneiss,35.2,142.1,0.417,16.35,0.807,3
25.80742,91.86246,51.27,858.2,48.8,22.7,6.54,Colluvial Debris,36.3,173.5,0.52,19.05,0.651,3
25.76378,91.91726,42.97,497.6,46.49,213.6,7.02,Shillong Quartzite,1.7,72.9,0.345,8.56,0.897,3
25.89102,91.92487,58.69,1068.2,52.44,343.0,5.27,Granite Gneiss,21.4,124.2,0.449,13.31,0.677,3
25.87071,91.93154,53.41,890.6,49.64,94.4,6.03,Shillong Quartzite,42.8,168.8,0.533,18.35,0.654,3
25.74229,91.94969,63.34,1210.3,43.01,327.2,6.95,Weathered Regolith / Phyllite,2.8,70.1,0.278,8.23,0.972,3
25.72004,91.85139,46.61,658.7,44.25,342.1,5.94,Weathered Regolith / Phyllite,0.3,66.2,0.302,7.41,0.97,3
25.75252,91.82525,44.94,612.4,38.55,96.9,8.05,Weathered Regolith / Phyllite,47.2,104.9,0.391,12.37,0.96,3
25.80938,91.87345,52.19,862.8,51.32,271.5,9.45,Colluvial Debris,34.9,85.7,0.315,10.89,0.761,3
25.72238,91.83691,67.8,1413.5,42.19,86.0,6.24,Weathered Regolith / Phyllite,14.9,183.2,0.55,19.96,0.66,3
25.81852,91.82292,61.31,1062.6,36.94,265.5,8.7,Shillong Quartzite,79.0,193.7,0.598,22.06,0.722,3
25.76054,91.86686,52.57,793.0,50.96,287.1,6.04,Weathered Regolith / Phyllite,174.4,260.6,0.772,24.0,0.66,3
25.79905,91.92189,55.52,922.6,44.37,89.0,8.02,Shillong Quartzite,160.8,257.4,0.783,24.0,0.646,3
25.76775,91.8936,42.53,456.6,47.13,257.7,7.85,Weathered Regolith / Phyllite,155.9,273.7,0.74,24.0,0.647,3
25.72951,91.86066,69.54,1405.0,35.74,292.4,9.03,Granite Gneiss,18.4,137.9,0.469,16.27,0.925,3
25.90608,91.90506,59.99,1135.3,36.23,129.1,6.53,Weathered Regolith / Phyllite,39.3,73.3,0.332,8.41,1.141,2
25.85617,91.85016,48.56,704.0,45.95,60.4,7.01,Colluvial Debris,31.0,131.8,0.462,14.81,0.732,3
25.68783,91.82187,57.57,1009.6,27.15,33.1,6.75,Granite Gneiss,46.7,116.0,0.424,13.02,1.366,1
25.88449,91.91937,43.28,505.9,36.15,207.1,7.63,Shillong Quartzite,43.4,142.7,0.447,16.21,0.914,3
25.78161,91.90109,68.98,1398.1,42.81,352.1,8.82,Weathered Regolith / Phyllite,4.7,129.8,0.485,15.32,0.777,3
25.89153,91.9191,45.24,573.8,35.03,296.3,8.65,Weathered Regolith / Phyllite,7.5,71.8,0.325,9.09,1.16,2
25.86596,91.82506,59.44,1135.9,44.86,156.9,8.14,Colluvial Debris,109.4,191.7,0.603,21.62,0.646,3
25.76481,91.92883,47.36,587.2,46.98,193.2,7.58,Weathered Regolith / Phyllite,47.8,136.6,0.484,15.55,0.693,3
25.65607,91.90054,61.53,1204.4,45.08,100.6,8.62,Weathered Regolith / Phyllite,144.9,258.0,0.723,24.0,0.646,3
25.72254,91.89324,63.3,1307.4,44.43,58.7,7.45,Shillong Quartzite,19.1,107.9,0.448,12.44,0.826,3
25.79624,91.9012,60.2,1157.8,41.56,173.5,6.53,Weathered Regolith / Phyllite,24.3,95.6,0.372,10.76,0.933,3
25.82104,91.93238,58.43,1005.6,46.18,166.9,8.42,Weathered Regolith / Phyllite,49.1,179.3,0.581,20.42,0.646,3
25.71963,91.8963,66.77,1317.6,32.92,187.9,7.36,Shillong Quartzite,10.5,94.0,0.391,10.93,1.178,2
25.68763,91.89552,42.36,523.9,40.34,343.0,5.99,Weathered Regolith / Phyllite,1.4,78.0,0.362,8.68,1.02,2
25.87543,91.94879,49.93,737.5,36.31,217.4,6.59,Weathered Regolith / Phyllite,18.5,168.1,0.593,18.5,0.843,3
25.91579,91.91837,47.45,640.5,32.17,218.1,8.31,Shillong Quartzite,68.6,152.0,0.485,17.47,1.004,3
25.79194,91.8775,69.64,1433.4,27.24,46.1,8.5,Weathered Regolith / Phyllite,43.8,124.5,0.453,14.62,1.306,1
25.69635,91.91196,51.68,764.0,33.19,358.7,7.28,Granite Gneiss,12.8,187.8,0.592,20.87,0.865,3
25.72352,91.8706,61.98,1164.0,30.36,278.2,8.68,Weathered Regolith / Phyllite,1.9,104.1,0.397,12.53,1.229,2
25.65497,91.84975,60.54,1070.7,42.04,315.8,8.38,Shillong Quartzite,28.4,178.1,0.591,20.27,0.654,3
25.89686,91.89759,46.36,651.6,38.21,149.1,9.02,Weathered Regolith / Phyllite,123.5,221.4,0.621,24.0,0.664,3
25.68179,91.94066,47.17,617.2,47.69,180.8,7.69,Weathered Regolith / Phyllite,30.6,146.8,0.559,16.67,0.65,3
25.80566,91.94079,48.44,697.4,41.18,188.0,8.42,Weathered Regolith / Phyllite,174.9,290.3,0.85,24.0,0.651,3
25.72399,91.86445,52.33,813.9,46.39,69.9,8.17,Weathered Regolith / Phyllite,3.7,80.8,0.332,9.85,0.863,3
25.79963,91.8886,47.03,661.3,37.6,248.2,7.11,Granite Gneiss,67.7,181.4,0.575,20.12,0.761,3
25.82588,91.84751,40.59,453.5,45.39,325.1,7.02,Weathered Regolith / Phyllite,9.0,124.8,0.383,14.07,0.762,3
25.87403,91.94943,66.38,1334.8,40.97,58.9,7.65,Shillong Quartzite,7.1,70.3,0.309,8.53,1.009,2
25.70573,91.94755,68.97,1385.9,36.62,31.1,5.81,Colluvial Debris,47.4,144.4,0.59,15.67,0.917,3
25.65297,91.90444,50.25,736.1,45.33,265.8,6.98,Shillong Quartzite,111.3,203.0,0.651,22.36,0.646,3
25.68696,91.92457,50.16,849.8,37.98,98.4,7.75,Weathered Regolith / Phyllite,30.2,111.1,0.452,12.9,0.96,3
25.89301,91.91296,40.21,445.4,45.95,224.6,6.15,Weathered Regolith / Phyllite,115.9,169.2,0.532,18.44,0.646,3
25.88595,91.89711,60.41,1106.3,35.02,250.5,6.64,Colluvial Debris,10.8,126.3,0.454,14.08,1.012,3
25.8113,91.82694,64.76,1243.7,51.49,115.9,7.24,Shillong Quartzite,132.7,207.5,0.634,22.94,0.662,3
25.81214,91.87912,44.4,496.4,32.4,293.5,8.61,Shillong Quartzite,6.0,64.2,0.265,8.26,1.28,1
25.82956,91.90772,44.79,612.8,32.56,198.0,8.9,Weathered Regolith / Phyllite,24.6,51.9,0.299,7.07,1.311,1
25.69735,91.90808,63.7,1201.2,35.85,312.8,8.01,Granite Gneiss,4.6,139.4,0.517,16.01,0.929,3
25.89689,91.86851,58.49,1089.3,24.88,274.8,8.27,Granite Gneiss,142.3,215.2,0.724,24.0,1.094,3
25.76307,91.94242,41.35,480.2,46.95,312.7,7.18,Weathered Regolith / Phyllite,5.8,57.9,0.317,7.03,0.933,3
25.75345,91.84176,58.68,1107.8,34.92,7.3,6.96,Shillong Quartzite,168.5,319.2,0.85,24.0,0.719,3
25.79011,91.88505,49.27,754.7,28.71,87.7,6.99,Weathered Regolith / Phyllite,20.1,91.6,0.376,10.53,1.371,1
25.66268,91.90981,51.06,778.8,32.62,32.4,8.77,Weathered Regolith / Phyllite,25.9,203.7,0.643,23.15,0.813,3
25.6949,91.91063,63.09,1208.9,37.77,159.1,7.73,Granite Gneiss,11.1,82.0,0.391,9.81,1.055,2
25.84927,91.90432,64.33,1252.5,45.99,320.4,8.29,Weathered Regolith / Phyllite,57.9,128.2,0.505,14.94,0.727,3
25.67236,91.85579,52.01,809.6,45.84,168.3,8.06,Shillong Quartzite,16.5,57.2,0.221,7.3,0.944,3
25.81285,91.84031,68.41,1329.6,32.93,305.9,7.04,Weathered Regolith / Phyllite,33.7,101.7,0.446,11.62,1.157,2
25.71624,91.90267,52.19,740.6,36.82,117.8,7.88,Weathered Regolith / Phyllite,28.3,129.1,0.416,14.87,0.935,3
25.75511,91.89791,63.16,1240.8,45.93,122.2,7.39,Shillong Quartzite,102.3,146.1,0.462,16.48,0.685,3
25.72795,91.84332,54.52,900.8,45.35,322.4,7.35,Colluvial Debris,27.3,159.3,0.522,17.87,0.657,3
25.74603,91.91167,66.93,1380.8,39.9,153.3,7.85,Weathered Regolith / Phyllite,22.4,148.6,0.527,16.93,0.796,3
25.84414,91.87917,67.23,1338.0,42.71,284.3,9.32,Weathered Regolith / Phyllite,64.1,139.8,0.435,16.58,0.744,3
25.73022,91.90681,42.62,491.7,41.47,85.2,8.51,Shillong Quartzite,59.6,115.1,0.409,13.63,0.853,3
25.80293,91.92886,68.09,1420.5,39.42,341.6,8.9,Weathered Regolith / Phyllite,4.6,87.4,0.384,10.85,0.981,2
25.77853,91.84206,64.77,1329.0,48.37,206.8,5.5,Weathered Regolith / Phyllite,2.4,67.5,0.348,7.37,0.901,3
25.82919,91.82249,63.74,1218.2,51.82,273.4,6.12,Weathered Regolith / Phyllite,9.8,94.2,0.406,10.46,0.767,3
25.90294,91.92128,46.03,571.0,44.76,32.2,6.05,Weathered Regolith / Phyllite,120.8,204.8,0.668,22.18,0.646,3
25.84779,91.89926,64.15,1293.9,35.09,177.4,7.22,Weathered Regolith / Phyllite,0.6,89.8,0.423,10.43,1.118,2
25.70803,91.91095,65.5,1281.2,40.05,324.4,7.59,Weathered Regolith / Phyllite,31.3,111.4,0.429,12.87,0.908,3
25.65842,91.92896,48.67,684.2,34.83,315.7,8.29,Weathered Regolith / Phyllite,26.3,88.6,0.372,10.73,1.118,2
25.72081,91.92437,68.57,1383.9,36.22,16.9,7.88,Granite Gneiss,29.1,119.3,0.411,13.83,0.983,3
25.81067,91.94492,41.5,423.6,43.8,109.3,8.75,Weathered Regolith / Phyllite,157.0,220.0,0.641,24.0,0.646,3
25.66388,91.88967,44.5,588.4,42.71,159.6,8.97,Colluvial Debris,7.2,102.6,0.351,12.49,0.859,3
25.78402,91.8835,56.13,910.9,49.43,62.0,6.32,Shillong Quartzite,15.8,60.0,0.367,6.9,0.899,3
25.81115,91.87225,57.27,1008.7,49.11,262.8,8.37,Weathered Regolith / Phyllite,2.8,100.3,0.398,12.01,0.759,3
25.74025,91.83998,59.35,1087.4,50.7,66.4,7.32,Colluvial Debris,2.2,67.5,0.358,8.1,0.848,3
25.85815,91.89444,40.51,393.9,36.63,124.8,7.74,Weathered Regolith / Phyllite,2.6,94.6,0.495,11.14,1.049,2
25.67878,91.85601,68.81,1471.9,44.07,238.8,8.34,Weathered Regolith / Phyllite,23.8,107.1,0.505,12.71,0.825,3
25.67029,91.93977,41.34,482.8,47.86,173.6,6.0,Weathered Regolith / Phyllite,14.2,66.3,0.37,7.44,0.907,3
25.84661,91.89581,44.29,532.0,47.95,265.9,8.52,Granite Gneiss,9.7,90.3,0.364,11.0,0.805,3
25.78378,91.89707,40.42,410.5,44.42,346.0,8.02,Shillong Quartzite,10.6,79.6,0.387,9.66,0.904,3
25.83587,91.86614,57.01,1031.0,36.18,42.0,8.91,Weathered Regolith / Phyllite,6.5,140.5,0.489,16.49,0.906,3
25.7674,91.82676,67.97,1382.1,45.24,255.4,9.48,Weathered Regolith / Phyllite,14.8,61.9,0.279,8.37,0.925,3
25.71653,91.82413,59.98,1155.3,37.45,82.9,7.88,Granite Gneiss,6.4,130.0,0.429,14.96,0.915,3
25.87116,91.87503,64.68,1286.4,46.76,149.2,6.04,Weathered Regolith / Phyllite,33.5,118.6,0.475,13.02,0.768,3
25.86584,91.83099,40.4,424.1,39.35,11.8,6.68,Weathered Regolith / Phyllite,3.7,80.6,0.387,9.23,1.029,2
25.83757,91.89889,56.26,978.9,30.75,48.9,7.59,Shillong Quartzite,82.9,112.2,0.476,12.96,1.2,2
25.72348,91.93453,53.79,1008.5,46.41,115.1,6.11,Granite Gneiss,2.6,33.9,0.245,4.04,1.025,2
25.80936,91.93478,54.97,883.2,33.68,123.1,8.8,Weathered Regolith / Phyllite,80.4,148.0,0.488,17.25,0.959,3
25.74746,91.90568,42.17,432.0,51.94,323.9,6.74,Weathered Regolith / Phyllite,50.2,125.4,0.412,14.02,0.665,3
25.67473,91.84746,60.53,1109.0,38.49,267.1,9.39,Granite Gneiss,32.0,89.7,0.311,11.28,0.993,2
25.89767,91.93219,55.1,984.6,41.72,350.0,8.2,Weathered Regolith / Phyllite,68.1,140.7,0.456,16.23,0.775,3
25.68694,91.93519,62.95,1104.9,46.52,215.7,6.46,Shillong Quartzite,4.2,79.1,0.328,8.99,0.885,3
25.90656,91.84556,54.56,833.4,35.03,87.0,7.86,Colluvial Debris,5.4,77.4,0.305,9.36,1.152,2
25.77042,91.91587,44.48,540.9,30.93,118.0,7.99,Granite Gneiss,8.1,78.6,0.332,9.55,1.3,1
25.69999,91.85725,59.45,1165.5,43.91,115.1,7.59,Weathered Regolith / Phyllite,102.0,178.8,0.649,20.04,0.646,3
25.79631,91.92434,45.17,582.0,44.41,117.5,7.68,Weathered Regolith / Phyllite,10.4,80.4,0.329,9.61,0.906,3
25.8857,91.94964,66.17,1269.5,29.43,242.3,6.2,Weathered Regolith / Phyllite,24.0,151.5,0.439,16.58,1.138,3
25.8477,91.8239,58.39,1076.7,39.89,191.1,8.22,Colluvial Debris,0.8,75.2,0.352,9.28,1.014,2
25.86777,91.93666,44.72,631.5,36.3,138.8,7.84,Colluvial Debris,74.4,161.1,0.56,18.25,0.85,3
25.82787,91.90094,68.87,1384.9,42.3,53.7,8.42,Weathered Regolith / Phyllite,7.9,42.7,0.239,5.91,1.053,2
25.83691,91.94654,55.55,962.5,49.44,8.0,8.24,Shillong Quartzite,26.1,186.7,0.621,21.13,0.653,3
25.87928,91.88045,42.19,482.8,42.34,78.8,6.84,Granite Gneiss,117.9,212.4,0.719,23.3,0.648,3
25.71741,91.93016,58.8,1081.1,47.12,38.7,5.71,Weathered Regolith / Phyllite,132.1,236.2,0.69,24.0,0.647,3
25.78214,91.82811,47.6,647.5,36.97,282.8,8.37,Weathered Regolith / Phyllite,15.5,51.3,0.323,6.79,1.166,2
25.70973,91.86359,64.11,1269.0,30.75,40.5,9.7,Weathered Regolith / Phyllite,125.3,214.7,0.689,24.0,0.848,3
25.91667,91.82871,64.53,1292.3,39.5,260.7,7.62,Weathered Regolith / Phyllite,43.0,123.0,0.467,14.12,0.886,3
25.9049,91.94679,69.37,1456.5,45.96,138.8,6.82,Colluvial Debris,2.1,117.0,0.474,13.16,0.778,3
25.66065,91.92621,55.06,862.1,40.32,26.4,6.6,Colluvial Debris,90.0,133.0,0.494,14.77,0.848,3
25.84051,91.93083,53.65,820.4,35.77,292.6,7.28,Weathered Regolith / Phyllite,15.2,134.1,0.437,15.16,0.957,3
25.89982,91.94194,62.6,1163.6,24.29,208.7,7.88,Weathered Regolith / Phyllite,10.5,112.5,0.338,13.11,1.532,1
25.69876,91.83106,43.97,549.8,36.94,84.9,7.65,Weathered Regolith / Phyllite,102.3,180.0,0.583,20.18,0.777,3
25.80335,91.87013,56.41,996.6,30.3,322.1,8.5,Granite Gneiss,76.9,227.8,0.672,24.0,0.864,3
25.89718,91.82923,56.39,931.4,49.78,16.3,6.74,Shillong Quartzite,28.8,88.9,0.311,10.15,0.802,3
25.65917,91.8474,42.68,506.9,50.15,72.7,5.62,Shillong Quartzite,0.5,177.0,0.561,19.06,0.656,3
25.8383,91.84982,52.54,876.7,45.2,270.7,7.21,Shillong Quartzite,38.7,162.9,0.533,18.19,0.651,3
25.73028,91.88098,65.6,1322.7,36.87,255.4,8.81,Weathered Regolith / Phyllite,11.4,147.3,0.516,17.17,0.866,3
25.89959,91.85491,65.68,1280.6,46.48,104.1,7.51,Shillong Quartzite,13.8,88.5,0.419,10.41,0.846,3
25.91219,91.83313,42.98,489.5,48.92,22.3,8.92,Colluvial Debris,4.8,68.8,0.299,8.88,0.85,3
25.90495,91.84177,42.72,443.4,37.58,308.9,7.84,Weathered Regolith / Phyllite,20.8,150.0,0.427,17.08,0.85,3
25.77804,91.83915,47.88,745.4,36.7,112.9,7.21,Shillong Quartzite,38.2,83.5,0.348,9.76,1.087,2
25.88275,91.9465,66.24,1337.5,38.08,70.5,6.85,Weathered Regolith / Phyllite,8.9,98.4,0.429,11.2,1.006,2
25.87803,91.91871,43.87,470.9,38.31,185.8,8.3,Shillong Quartzite,78.2,158.5,0.582,18.16,0.8,3
25.73616,91.94581,61.6,1205.1,34.75,327.7,8.03,Shillong Quartzite,78.0,166.5,0.522,18.9,0.876,3
25.87381,91.87717,43.03,532.6,41.5,15.7,7.95,Shillong Quartzite,1.9,79.0,0.377,9.58,0.967,3
25.65999,91.85619,58.69,1102.1,39.75,275.7,8.41,Colluvial Debris,28.9,118.8,0.397,13.99,0.883,3
25.81099,91.92378,50.68,751.5,43.38,206.1,8.2,Weathered Regolith / Phyllite,53.0,124.3,0.454,14.49,0.789,3
25.7121,91.86241,63.67,1211.6,42.46,153.2,5.83,Shillong Quartzite,169.2,212.2,0.533,22.87,0.648,3
25.68255,91.85892,47.01,612.9,37.78,267.9,8.61,Weathered Regolith / Phyllite,40.8,125.1,0.442,14.74,0.912,3
25.67078,91.85023,59.18,1155.8,39.18,347.7,7.86,Granite Gneiss,6.2,64.6,0.335,8.0,1.069,2
25.838,91.83686,47.07,627.4,45.09,82.5,7.27,Weathered Regolith / Phyllite,244.8,335.4,0.85,24.0,0.646,3
25.74177,91.85334,61.41,1111.1,35.5,51.7,8.0,Granite Gneiss,70.5,177.1,0.513,20.02,0.821,3
25.84569,91.86619,66.21,1291.5,46.76,328.6,7.79,Weathered Regolith / Phyllite,5.0,120.1,0.447,13.88,0.744,3
25.66765,91.90762,43.8,520.1,44.54,240.8,6.42,Weathered Regolith / Phyllite,22.9,140.0,0.561,15.45,0.74,3
25.73513,91.82813,66.0,1372.2,44.48,157.7,7.36,Weathered Regolith / Phyllite,22.7,108.4,0.385,12.46,0.824,3
25.79566,91.84737,57.81,1034.3,51.58,206.4,6.88,Colluvial Debris,16.4,71.4,0.308,8.33,0.831,3
25.8635,91.92517,43.81,582.8,43.29,268.4,7.21,Weathered Regolith / Phyllite,180.0,272.7,0.77,24.0,0.647,3
25.73606,91.8391,52.83,860.3,42.11,278.3,6.19,Weathered Regolith / Phyllite,1.7,49.1,0.354,5.69,1.063,2
25.81899,91.86454,44.83,561.7,31.58,331.2,6.94,Weathered Regolith / Phyllite,27.6,125.1,0.402,14.07,1.131,3
25.88921,91.93241,61.01,1093.7,43.15,153.7,6.53,Weathered Regolith / Phyllite,6.4,80.8,0.327,9.2,0.942,3
25.81628,91.84014,62.77,1260.6,46.55,105.6,7.17,Weathered Regolith / Phyllite,21.0,120.9,0.473,13.71,0.752,3
25.7129,91.83076,43.17,550.7,41.13,230.3,8.81,Shillong Quartzite,42.4,139.6,0.438,16.36,0.784,3
25.65659,91.88299,55.18,974.7,38.69,149.7,6.88,Weathered Regolith / Phyllite,7.9,78.9,0.319,9.13,1.049,2
25.88493,91.85931,64.44,1292.4,36.23,214.1,7.65,Shillong Quartzite,122.9,197.8,0.686,22.07,0.74,3
25.65574,91.89324,68.08,1354.6,50.88,151.2,6.83,Weathered Regolith / Phyllite,84.3,149.8,0.579,16.64,0.659,3
25.88617,91.92449,55.41,949.8,45.34,55.1,8.3,Weathered Regolith / Phyllite,40.1,204.7,0.654,23.06,0.646,3
25.79281,91.83783,68.51,1441.3,42.55,169.0,5.88,Shillong Quartzite,23.8,98.8,0.411,10.85,0.908,3
25.90355,91.89549,56.07,1000.2,31.58,248.7,7.1,Weathered Regolith / Phyllite,7.0,76.5,0.325,8.97,1.292,1
25.86567,91.88572,51.83,820.2,47.05,287.7,6.6,Weathered Regolith / Phyllite,15.5,84.9,0.367,9.66,0.857,3
25.91944,91.83873,65.45,1369.6,37.48,177.6,9.71,Weathered Regolith / Phyllite,154.7,255.6,0.712,24.0,0.668,3
25.74469,91.90112,54.79,939.0,32.99,59.5,8.18,Weathered Regolith / Phyllite,48.1,118.2,0.501,13.83,1.087,3
25.85714,91.85557,54.16,948.4,43.44,149.3,6.41,Shillong Quartzite,7.9,152.2,0.521,16.73,0.725,3
25.75852,91.88342,54.71,922.8,39.9,283.1,7.08,Shillong Quartzite,30.4,99.5,0.393,11.4,0.953,3
25.77957,91.8307,65.4,1274.3,44.3,148.6,6.52,Shillong Quartzite,2.8,88.2,0.376,9.98,0.897,3
25.81943,91.87975,64.96,1312.3,43.75,250.8,6.32,Weathered Regolith / Phyllite,0.7,65.4,0.298,7.48,0.978,3
25.88589,91.85984,52.11,853.0,44.89,182.6,8.34,Weathered Regolith / Phyllite,22.3,97.8,0.416,11.73,0.837,3
25.9157,91.92691,50.0,763.8,44.15,86.8,7.59,Weathered Regolith / Phyllite,136.0,199.8,0.611,22.26,0.646,3
25.85743,91.82741,54.76,882.7,51.58,286.6,7.67,Shillong Quartzite,2.3,77.7,0.467,9.32,0.802,3
25.7628,91.87442,57.18,1041.8,45.1,30.3,7.09,Shillong Quartzite,36.6,116.2,0.418,13.18,0.793,3
25.76377,91.8796,47.15,618.5,42.52,189.0,7.79,Weathered Regolith / Phyllite,19.3,97.5,0.428,11.47,0.892,3
25.84915,91.91425,63.82,1264.7,46.97,75.2,6.78,Granite Gneiss,44.5,109.9,0.496,12.39,0.782,3
25.71447,91.89466,54.59,866.9,38.42,24.1,7.25,Weathered Regolith / Phyllite,30.5,155.4,0.41,17.41,0.818,3
25.67983,91.90674,50.02,716.9,42.11,181.1,8.05,Colluvial Debris,36.6,102.3,0.388,12.09,0.883,3
25.74575,91.92102,43.2,523.8,50.31,179.8,6.22,Weathered Regolith / Phyllite,10.3,149.1,0.569,16.33,0.657,3
25.72755,91.93209,47.17,673.9,36.34,254.5,8.17,Granite Gneiss,8.6,140.4,0.399,16.19,0.91,3
25.73,91.8608,68.48,1405.4,29.75,268.1,9.07,Weathered Regolith / Phyllite,25.7,68.1,0.378,8.87,1.375,1
25.71307,91.88994,49.15,699.3,36.71,262.0,6.55,Colluvial Debris,6.3,159.1,0.543,17.53,0.86,3
25.66137,91.92921,45.07,621.8,41.3,147.4,8.81,Weathered Regolith / Phyllite,47.3,122.4,0.511,14.53,0.832,3
25.65483,91.94863,53.82,889.3,39.97,227.4,6.19,Weathered Regolith / Phyllite,20.7,77.9,0.339,8.75,1.027,2
25.91669,91.93564,49.21,730.2,39.4,207.7,7.35,Weathered Regolith / Phyllite,71.0,172.2,0.569,19.23,0.743,3
25.7655,91.86829,41.05,430.6,34.71,151.8,8.21,Colluvial Debris,27.5,111.0,0.377,13.08,1.051,3
25.75377,91.84537,49.69,710.4,40.58,215.0,7.87,Colluvial Debris,81.2,151.4,0.504,17.24,0.772,3
25.8335,91.88362,56.32,1016.4,43.84,341.0,6.16,Weathered Regolith / Phyllite,2.4,64.1,0.29,7.27,0.982,2
25.70893,91.91641,56.55,953.6,43.62,69.4,8.39,Shillong Quartzite,3.2,88.0,0.35,10.7,0.89,3
25.90649,91.88403,50.7,842.3,45.96,326.1,9.1,Shillong Quartzite,52.0,105.3,0.418,12.83,0.787,3
25.86231,91.88281,53.42,836.7,40.62,19.2,6.7,Weathered Regolith / Phyllite,3.3,107.3,0.385,12.09,0.917,3
25.67414,91.92897,68.97,1426.7,32.73,111.0,9.11,Weathered Regolith / Phyllite,1.1,134.3,0.386,15.92,1.032,3
25.76275,91.86698,51.32,799.0,46.98,103.7,7.64,Colluvial Debris,12.0,97.8,0.405,11.45,0.808,3
25.88736,91.93177,47.75,666.6,38.61,225.5,9.09,Shillong Quartzite,17.6,107.9,0.426,13.1,0.937,3
25.90508,91.87288,47.3,682.9,33.47,47.2,6.94,Weathered Regolith / Phyllite,23.6,107.8,0.447,12.23,1.119,2
25.7762,91.86267,53.73,912.2,48.61,317.6,8.2,Weathered Regolith / Phyllite,19.8,134.4,0.475,15.56,0.666,3
25.81562,91.87902,62.79,1218.9,41.6,298.3,5.99,Weathered Regolith / Phyllite,68.4,175.3,0.522,19.02,0.699,3
25.6951,91.91912,46.18,573.7,48.02,234.7,8.52,Shillong Quartzite,41.0,119.8,0.504,14.13,0.716,3
25.91762,91.83638,61.28,1097.9,42.34,165.0,8.1,Weathered Regolith / Phyllite,115.5,175.9,0.554,19.93,0.658,3
25.71255,91.84553,40.63,372.9,27.48,335.9,7.87,Shillong Quartzite,18.1,73.0,0.302,8.9,1.489,1
25.90454,91.94369,52.57,830.1,31.82,299.1,7.07,Weathered Regolith / Phyllite,2.5,76.8,0.407,8.99,1.281,1
25.8254,91.84281,63.28,1299.3,42.09,179.8,8.5,Weathered Regolith / Phyllite,87.2,136.0,0.547,15.85,0.778,3
25.81409,91.8938,50.16,753.7,41.34,252.7,7.96,Weathered Regolith / Phyllite,0.1,105.0,0.3,12.34,0.893,3
25.78843,91.89531,56.91,1076.0,44.76,204.1,7.19,Colluvial Debris,41.9,112.7,0.391,12.85,0.808,3
25.71228,91.88365,46.15,613.9,40.18,211.7,7.59,Weathered Regolith / Phyllite,0.9,75.6,0.339,9.06,1.013,2
25.69766,91.90382,62.26,1185.5,42.77,119.2,8.51,Granite Gneiss,40.1,101.4,0.414,12.18,0.866,3
25.70953,91.84988,41.57,478.7,50.39,166.4,6.93,Weathered Regolith / Phyllite,77.8,129.0,0.49,14.48,0.67,3
25.70034,91.89185,65.58,1283.5,38.29,28.1,6.31,Shillong Quartzite,13.8,57.2,0.406,6.6,1.133,2
25.86049,91.86838,45.95,617.2,32.8,128.6,9.18,Weathered Regolith / Phyllite,7.7,132.8,0.428,15.78,1.034,3
25.74453,91.90602,66.23,1250.0,48.25,250.5,7.15,Shillong Quartzite,7.2,55.6,0.309,6.77,0.92,3
25.66562,91.83836,50.58,734.6,33.93,343.2,7.54,Granite Gneiss,137.5,197.6,0.556,22.01,0.807,3
25.91166,91.89421,61.68,1091.5,26.79,346.7,7.33,Weathered Regolith / Phyllite,5.2,161.4,0.544,18.08,1.209,2
25.88862,91.84409,49.58,764.2,37.79,200.1,8.94,Weathered Regolith / Phyllite,91.6,159.6,0.598,18.54,0.802,3
25.90049,91.85622,67.18,1296.7,40.89,218.4,6.84,Shillong Quartzite,12.9,88.2,0.262,10.11,0.966,3
25.91863,91.84843,43.8,589.4,47.29,66.9,7.83,Weathered Regolith / Phyllite,10.9,66.1,0.268,8.16,0.895,3
25.69695,91.84377,45.36,601.7,37.65,250.3,8.87,Shillong Quartzite,17.3,95.8,0.422,11.73,1.003,2
25.75699,91.92734,54.79,956.1,29.52,25.4,6.23,Weathered Regolith / Phyllite,21.9,108.1,0.45,11.98,1.284,1
25.85472,91.85714,42.46,460.2,50.12,102.5,8.26,Shillong Quartzite,4.3,61.0,0.281,7.78,0.865,3
25.83793,91.94053,45.88,560.8,33.15,240.6,7.75,Shillong Quartzite,34.4,107.8,0.45,12.56,1.12,2
25.69155,91.94609,68.31,1377.0,42.34,111.7,8.06,Weathered Regolith / Phyllite,60.1,134.8,0.529,15.54,0.781,3
25.87027,91.89426,69.29,1467.9,48.04,17.9,7.11,Shillong Quartzite,9.1,85.7,0.391,9.96,0.833,3
25.7106,91.83859,51.29,879.7,40.06,299.5,8.24,Weathered Regolith / Phyllite,5.6,129.1,0.522,15.01,0.847,3
25.71043,91.86869,67.7,1389.8,44.44,111.7,6.86,Weathered Regolith / Phyllite,40.0,79.4,0.368,9.17,0.917,3
25.79498,91.92371,56.34,919.4,45.28,22.7,5.53,Weathered Regolith / Phyllite,5.7,97.1,0.383,10.53,0.863,3
25.81009,91.86776,48.09,644.4,41.26,26.9,9.06,Shillong Quartzite,1.2,70.8,0.347,9.15,0.985,2
25.80662,91.83131,61.07,1078.0,50.38,90.6,5.3,Weathered Regolith / Phyllite,113.6,170.9,0.59,18.28,0.657,3
25.6747,91.89238,59.77,1086.7,47.35,64.1,8.34,Colluvial Debris,7.7,107.8,0.353,12.79,0.765,3
25.88691,91.92987,69.67,1427.5,41.79,278.7,6.61,Shillong Quartzite,5.3,98.7,0.408,11.13,0.917,3
25.72171,91.92347,47.95,672.8,49.62,115.8,7.11,Weathered Regolith / Phyllite,111.9,186.3,0.585,20.64,0.654,3
25.68497,91.84277,60.16,1062.7,45.35,289.7,8.4,Granite Gneiss,119.6,227.2,0.659,24.0,0.646,3
25.88996,91.90746,41.56,407.7,39.33,62.6,6.85,Weathered Regolith / Phyllite,65.5,170.4,0.51,18.85,0.755,3
25.90803,91.84867,43.41,523.1,39.57,177.4,8.75,Shillong Quartzite,5.5,169.0,0.477,19.46,0.732,3
25.88277,91.84837,40.12,423.5,37.06,247.7,7.84,Weathered Regolith / Phyllite,47.9,160.7,0.513,18.21,0.831,3
25.86857,91.93363,69.98,1402.0,48.51,234.7,7.08,Granite Gneiss,19.5,123.2,0.427,13.92,0.714,3
25.82692,91.85246,64.07,1261.3,40.35,216.4,8.14,Granite Gneiss,2.3,125.8,0.494,14.62,0.851,3
25.79873,91.85422,63.6,1263.9,44.01,332.9,7.16,Shillong Quartzite,37.0,111.7,0.471,12.74,0.826,3
25.67349,91.82008,55.29,842.0,28.91,82.3,7.74,Weathered Regolith / Phyllite,62.3,147.2,0.47,16.73,1.156,2
25.76028,91.93319,49.0,778.1,45.7,177.7,8.14,Weathered Regolith / Phyllite,5.0,81.5,0.325,9.91,0.873,3
25.75063,91.92304,44.54,586.9,43.33,318.2,7.09,Weathered Regolith / Phyllite,36.2,93.3,0.363,10.75,0.895,3
25.72013,91.90155,48.54,737.2,31.48,28.0,7.12,Weathered Regolith / Phyllite,16.5,109.4,0.465,12.47,1.186,2
25.84532,91.91753,51.28,753.9,45.88,20.1,8.34,Weathered Regolith / Phyllite,39.3,123.3,0.424,14.44,0.743,3
25.78389,91.83977,62.69,1225.6,41.15,84.0,8.5,Shillong Quartzite,35.0,114.3,0.51,13.55,0.863,3
25.67188,91.87958,56.19,1002.7,42.59,227.9,7.64,Granite Gneiss,151.9,280.2,0.802,24.0,0.648,3
25.70945,91.86566,42.32,455.3,35.7,93.6,7.97,Weathered Regolith / Phyllite,5.5,96.1,0.409,11.4,1.07,2
25.83448,91.83219,40.54,450.1,41.65,68.5,8.18,Weathered Regolith / Phyllite,17.8,133.8,0.456,15.49,0.797,3
25.67056,91.8832,43.07,501.9,27.89,165.2,8.23,Granite Gneiss,75.9,143.1,0.56,16.49,1.21,2
25.87983,91.9397,52.31,806.3,32.43,220.9,7.8,Colluvial Debris,11.7,91.2,0.398,10.81,1.201,2
25.78369,91.82521,68.0,1372.0,50.12,89.5,9.32,Weathered Regolith / Phyllite,27.8,103.1,0.388,12.69,0.725,3
25.77976,91.85789,59.12,1076.0,35.96,108.2,6.72,Weathered Regolith / Phyllite,0.3,35.4,0.205,4.45,1.267,1
25.80995,91.84698,64.05,1229.8,36.97,220.9,8.09,Shillong Quartzite,34.8,126.2,0.485,14.65,0.937,3
25.87266,91.85096,53.99,858.0,45.55,340.5,8.62,Granite Gneiss,25.9,139.6,0.461,16.28,0.698,3
25.74391,91.9381,50.85,795.5,42.53,242.9,8.13,Weathered Regolith / Phyllite,35.2,163.9,0.533,18.66,0.689,3
25.83306,91.88085,43.25,536.2,44.34,281.8,8.64,Shillong Quartzite,138.5,235.0,0.66,24.0,0.646,3
25.80275,91.88062,66.28,1325.6,51.88,132.1,6.87,Shillong Quartzite,4.4,94.0,0.35,10.74,0.758,3
25.7221,91.91887,63.49,1157.6,42.45,98.0,6.99,Weathered Regolith / Phyllite,8.5,172.0,0.534,19.08,0.679,3
25.88723,91.84008,45.04,553.1,36.65,163.5,8.81,Granite Gneiss,153.1,261.1,0.752,24.0,0.674,3
25.86531,91.88334,55.37,904.1,31.47,290.6,7.77,Weathered Regolith / Phyllite,4.8,59.3,0.263,7.41,1.345,1
25.82778,91.8759,54.62,981.0,32.3,164.3,8.56,Shillong Quartzite,35.7,107.9,0.407,12.89,1.141,2
25.87966,91.8976,58.75,1061.1,42.36,304.8,6.49,Shillong Quartzite,113.1,244.1,0.688,24.0,0.648,3
25.88417,91.94994,68.39,1382.3,32.2,356.0,8.69,Weathered Regolith / Phyllite,32.2,129.9,0.461,15.27,1.071,3
25.84126,91.92003,57.39,986.4,43.8,25.9,7.73,Shillong Quartzite,7.2,102.8,0.443,12.02,0.85,3
25.87599,91.87172,56.21,962.2,28.76,16.3,7.49,Granite Gneiss,6.8,100.6,0.41,11.68,1.33,1
25.83832,91.92758,41.51,482.9,38.67,53.9,7.78,Colluvial Debris,30.7,89.1,0.352,10.57,1.008,2
25.83364,91.84219,41.89,392.9,44.18,138.4,8.09,Weathered Regolith / Phyllite,132.7,215.3,0.652,24.0,0.646,3
25.81703,91.82396,45.62,605.9,51.2,47.2,5.22,Weathered Regolith / Phyllite,30.3,108.7,0.443,11.64,0.741,3
25.85323,91.84658,40.97,413.9,53.98,313.4,7.6,Colluvial Debris,19.0,86.3,0.398,10.21,0.75,3
25.69282,91.86425,62.3,1197.7,47.84,8.3,7.57,Shillong Quartzite,13.7,124.0,0.461,14.21,0.717,3
25.88784,91.88638,61.7,1191.5,37.92,113.7,6.96,Colluvial Debris,10.0,112.5,0.499,12.73,0.967,3
25.8854,91.89997,44.08,515.0,47.08,66.5,8.14,Weathered Regolith / Phyllite,82.6,229.2,0.649,24.0,0.647,3
25.6579,91.93838,65.08,1223.1,35.8,335.4,7.33,Weathered Regolith / Phyllite,19.9,135.1,0.498,15.29,0.952,3
25.87297,91.88628,44.64,550.3,35.99,241.0,7.24,Weathered Regolith / Phyllite,23.1,175.8,0.564,19.58,0.82,3
25.68479,91.88517,49.04,767.7,33.07,328.3,7.92,Granite Gneiss,83.5,182.2,0.622,20.53,0.879,3
25.74048,91.82653,47.47,694.9,45.89,350.0,7.98,Colluvial Debris,29.7,140.8,0.49,16.15,0.695,3
25.85075,91.82454,51.17,775.8,35.58,179.0,9.16,Shillong Quartzite,88.7,152.2,0.598,17.83,0.883,3
25.69341,91.89165,47.64,642.0,36.82,84.4,6.65,Weathered Regolith / Phyllite,100.6,225.8,0.68,24.0,0.673,3
25.87085,91.87696,54.67,891.0,42.64,69.7,7.37,Weathered Regolith / Phyllite,52.5,204.2,0.659,22.65,0.648,3
25.87468,91.92909,52.22,775.9,45.94,80.3,5.89,Shillong Quartzite,133.8,201.8,0.616,21.8,0.646,3
25.78702,91.84089,69.6,1467.3,43.2,255.1,8.29,Shillong Quartzite,46.6,178.8,0.587,20.32,0.647,3
25.65172,91.82325,41.68,497.4,38.57,14.6,7.66,Shillong Quartzite,54.2,250.4,0.706,24.0,0.662,3
25.7275,91.87838,44.27,533.8,41.36,18.5,8.22,Weathered Regolith / Phyllite,8.9,122.6,0.467,14.32,0.837,3
25.81657,91.85087,41.58,435.4,40.73,218.9,7.22,Weathered Regolith / Phyllite,174.5,348.2,0.85,24.0,0.653,3
25.91492,91.82645,58.78,1029.2,40.98,231.1,8.63,Weathered Regolith / Phyllite,36.3,109.0,0.398,13.03,0.882,3
25.82059,91.9142,41.64,439.2,46.5,239.5,7.6,Shillong Quartzite,2.9,76.1,0.32,9.13,0.881,3
25.72015,91.83451,65.09,1248.9,41.48,133.9,9.03,Weathered Regolith / Phyllite,198.1,278.2,0.85,24.0,0.65,3
25.82118,91.89908,55.36,931.3,41.8,290.1,6.12,Colluvial Debris,3.3,114.6,0.403,12.63,0.875,3
25.7958,91.85654,55.81,984.8,43.52,192.1,7.66,Shillong Quartzite,68.8,155.4,0.503,17.58,0.7,3
25.86056,91.84255,56.85,1017.0,41.77,38.0,8.37,Weathered Regolith / Phyllite,9.1,68.1,0.299,8.58,0.989,2
25.67888,91.86937,45.12,545.8,45.44,287.0,7.81,Weathered Regolith / Phyllite,119.4,176.0,0.584,19.82,0.646,3
25.85548,91.92419,45.93,613.6,33.56,343.1,5.97,Colluvial Debris,3.5,81.5,0.346,9.04,1.212,2
25.79614,91.87097,49.56,760.6,35.42,21.6,9.46,Weathered Regolith / Phyllite,8.8,56.8,0.287,7.82,1.185,2
25.91001,91.9176,57.8,985.6,46.76,140.9,6.93,Weathered Regolith / Phyllite,14.5,143.6,0.582,16.03,0.683,3
25.74231,91.83631,46.3,626.3,41.38,175.5,6.95,Colluvial Debris,18.7,107.6,0.423,12.21,0.896,3
25.82081,91.92046,43.49,570.7,43.23,52.7,7.59,Shillong Quartzite,0.0,49.9,0.317,6.33,1.021,2
25.90165,91.8508,69.1,1408.8,43.33,312.4,7.73,Shillong Quartzite,61.5,141.8,0.508,16.16,0.743,3
25.67768,91.90806,40.66,342.4,46.25,102.3,8.21,Weathered Regolith / Phyllite,110.6,170.0,0.52,19.34,0.646,3
25.90305,91.89355,64.08,1142.1,49.49,281.9,7.12,Granite Gneiss,41.6,120.5,0.422,13.65,0.707,3
25.83573,91.94079,63.64,1239.9,35.47,241.6,7.75,Weathered Regolith / Phyllite,17.8,102.9,0.362,12.03,1.058,2
25.66832,91.87035,48.92,716.3,48.88,215.3,7.52,Weathered Regolith / Phyllite,171.2,239.8,0.659,24.0,0.652,3
25.73126,91.8286,44.07,549.9,44.1,69.2,7.31,Weathered Regolith / Phyllite,6.5,152.7,0.517,17.15,0.7,3
25.84121,91.82249,44.37,572.5,47.12,79.5,8.68,Weathered Regolith / Phyllite,26.2,128.0,0.466,15.07,0.704,3
25.66818,91.92749,60.92,1073.1,45.07,17.0,8.51,Colluvial Debris,90.8,140.5,0.484,16.33,0.705,3
25.80719,91.88822,59.28,1042.7,38.78,86.7,7.67,Shillong Quartzite,5.0,109.0,0.435,12.65,0.946,3
25.74339,91.92078,63.48,1238.8,44.17,124.4,5.33,Shillong Quartzite,7.6,58.5,0.302,6.35,1.001,2
25.81765,91.85048,68.12,1413.8,39.38,299.9,8.89,Colluvial Debris,1.9,129.2,0.514,15.28,0.856,3
25.66235,91.86486,60.76,1116.2,37.24,131.9,6.55,Weathered Regolith / Phyllite,1.9,136.7,0.461,15.14,0.915,3
25.88531,91.82391,44.68,506.4,41.32,271.7,6.93,Weathered Regolith / Phyllite,0.4,98.3,0.435,11.22,0.925,3
25.91284,91.94499,47.3,669.2,33.66,158.2,6.83,Shillong Quartzite,112.2,177.8,0.601,19.63,0.888,3
25.9116,91.90682,65.27,1286.3,35.24,282.6,6.89,Shillong Quartzite,129.6,181.2,0.476,20.0,0.829,3
25.85241,91.94132,46.28,577.4,43.85,351.5,8.4,Shillong Quartzite,10.6,55.0,0.241,7.2,0.984,2
25.68512,91.85451,42.18,396.8,40.28,86.3,7.93,Weathered Regolith / Phyllite,11.8,69.4,0.264,8.55,1.025,2
25.85473,91.89949,61.1,1161.3,42.51,310.4,9.08,Shillong Quartzite,4.0,108.1,0.43,13.12,0.845,3
25.65664,91.9082,52.08,798.0,37.15,223.9,7.03,Weathered Regolith / Phyllite,24.0,97.2,0.35,11.14,1.034,2
25.65597,91.86128,67.6,1373.5,23.24,294.2,8.37,Weathered Regolith / Phyllite,11.7,102.5,0.447,12.24,1.637,1
25.73737,91.93025,59.51,1088.8,51.0,234.6,8.97,Weathered Regolith / Phyllite,31.6,130.8,0.424,15.48,0.66,3
25.78193,91.94313,42.71,449.1,50.93,152.6,8.22,Weathered Regolith / Phyllite,37.9,111.5,0.432,13.14,0.701,3
25.85801,91.93503,68.44,1412.0,38.69,82.1,8.37,Weathered Regolith / Phyllite,24.6,96.9,0.353,11.64,0.977,3
25.83449,91.91608,47.76,637.1,44.24,25.2,6.61,Weathered Regolith / Phyllite,9.0,98.5,0.42,11.11,0.867,3
25.77039,91.85607,50.12,694.3,33.52,192.8,8.67,Colluvial Debris,19.9,82.8,0.349,10.26,1.177,2
25.72388,91.85661,52.07,757.4,52.15,356.5,6.89,Colluvial Debris,8.1,83.2,0.345,9.59,0.788,3
25.91922,91.94524,41.54,453.7,38.69,265.7,7.87,Shillong Quartzite,65.3,164.6,0.515,18.64,0.777,3
25.76507,91.82134,54.9,985.1,48.82,117.8,7.71,Colluvial Debris,40.7,150.2,0.466,17.04,0.651,3
25.77187,91.91309,43.7,531.1,37.57,297.8,8.11,Colluvial Debris,19.0,104.9,0.425,12.38,0.986,2
25.69418,91.91181,52.03,892.3,40.06,276.8,8.32,Weathered Regolith / Phyllite,94.2,144.3,0.47,16.66,0.8,3
25.8646,91.90095,50.52,826.2,42.08,101.4,8.08,Weathered Regolith / Phyllite,111.6,188.0,0.689,21.21,0.649,3
25.83729,91.94871,63.19,1232.1,45.25,5.2,5.92,Colluvial Debris,11.2,96.0,0.455,10.57,0.863,3
25.70961,91.86054,64.1,1306.3,50.55,42.5,7.26,Shillong Quartzite,2.8,81.9,0.349,9.6,0.807,3
25.67224,91.8642,44.6,619.5,46.92,315.8,7.91,Weathered Regolith / Phyllite,22.0,92.2,0.366,10.96,0.823,3
25.83373,91.83026,51.0,832.0,45.16,301.2,6.98,Shillong Quartzite,55.1,101.6,0.396,11.59,0.836,3
25.82672,91.87756,51.2,716.6,49.72,106.3,6.87,Weathered Regolith / Phyllite,56.4,158.7,0.589,17.61,0.654,3
25.72378,91.85394,44.54,549.5,32.16,102.7,6.74,Weathered Regolith / Phyllite,185.4,270.1,0.85,24.0,0.801,3
25.90673,91.86464,63.95,1210.6,38.26,285.4,7.59,Weathered Regolith / Phyllite,14.0,101.5,0.325,11.82,0.983,2
25.69079,91.92849,61.22,1189.4,48.64,337.6,9.18,Weathered Regolith / Phyllite,29.4,108.3,0.472,13.18,0.733,3
25.76673,91.94161,45.71,587.6,32.41,280.5,7.4,Weathered Regolith / Phyllite,40.2,156.3,0.512,17.57,0.992,3
25.90478,91.84415,51.0,855.2,38.07,218.0,7.89,Colluvial Debris,14.9,60.4,0.28,7.58,1.111,2
25.76333,91.86843,43.17,515.2,38.3,87.4,8.42,Weathered Regolith / Phyllite,18.1,111.2,0.469,13.19,0.943,3
25.8224,91.94072,58.85,1058.5,40.81,189.3,5.6,Weathered Regolith / Phyllite,32.0,160.7,0.537,17.32,0.764,3
25.75735,91.82804,43.64,512.3,44.8,84.1,8.7,Weathered Regolith / Phyllite,58.6,138.5,0.539,16.2,0.714,3
25.72404,91.83201,69.58,1427.8,39.92,290.9,7.44,Shillong Quartzite,43.8,151.6,0.552,17.08,0.792,3
25.91567,91.84116,63.42,1230.5,44.78,139.3,8.58,Colluvial Debris,0.6,93.1,0.398,11.32,0.851,3
25.76052,91.89738,51.71,807.1,46.84,300.1,5.64,Weathered Regolith / Phyllite,137.1,184.7,0.651,19.88,0.647,3
25.89141,91.83956,57.36,988.9,31.05,137.4,6.89,Weathered Regolith / Phyllite,53.6,169.6,0.547,18.78,1.003,3
25.71209,91.94585,67.34,1340.7,40.93,296.7,7.21,Weathered Regolith / Phyllite,50.3,119.7,0.399,13.6,0.867,3
25.70754,91.87807,56.62,1054.6,33.18,120.0,7.56,Shillong Quartzite,13.8,117.6,0.515,13.52,1.09,3
25.65841,91.8852,45.23,663.1,47.62,158.4,8.41,Weathered Regolith / Phyllite,24.6,88.4,0.365,10.75,0.817,3
25.82595,91.85207,51.36,778.8,31.67,221.6,5.91,Weathered Regolith / Phyllite,66.2,175.9,0.574,19.05,0.972,3
25.7495,91.88122,65.29,1319.3,36.24,25.3,8.23,Weathered Regolith / Phyllite,67.9,135.6,0.456,15.7,0.927,3
25.88338,91.90605,59.33,1043.3,47.65,341.4,6.22,Weathered Regolith / Phyllite,42.8,93.8,0.39,10.45,0.825,3
25.77777,91.91765,59.52,1070.2,43.22,206.5,8.48,Colluvial Debris,105.5,173.0,0.573,19.78,0.647,3
25.91141,91.918,66.0,1266.7,40.83,182.8,8.43,Weathered Regolith / Phyllite,36.7,128.1,0.417,14.98,0.83,3
25.70009,91.89513,66.82,1379.5,43.71,302.2,7.61,Weathered Regolith / Phyllite,3.0,76.7,0.305,9.19,0.931,3
25.88453,91.93757,67.59,1385.2,33.57,311.7,7.09,Granite Gneiss,62.8,174.4,0.528,19.37,0.898,3
25.85968,91.92626,42.85,526.6,37.88,188.0,8.16,Granite Gneiss,4.5,150.8,0.507,17.29,0.836,3
25.85815,91.91842,56.32,1006.9,35.06,333.8,6.79,Weathered Regolith / Phyllite,30.4,134.9,0.494,15.05,0.982,3
25.87809,91.82723,62.22,1142.8,43.61,23.3,6.64,Colluvial Debris,26.4,155.9,0.575,17.22,0.708,3
25.85548,91.82089,62.71,1181.8,34.76,40.8,8.25,Shillong Quartzite,184.9,279.7,0.85,24.0,0.723,3
25.81908,91.84762,58.2,1054.9,47.89,214.8,9.3,Weathered Regolith / Phyllite,131.4,194.7,0.615,22.4,0.649,3
25.68544,91.90626,45.0,561.3,52.57,127.5,8.39,Shillong Quartzite,1.7,79.3,0.336,9.78,0.778,3
25.65878,91.87346,63.92,1240.1,37.08,167.1,8.08,Weathered Regolith / Phyllite,34.3,180.1,0.481,20.37,0.767,3
25.89863,91.87231,61.6,1124.1,42.34,118.1,7.76,Weathered Regolith / Phyllite,13.5,119.1,0.452,13.76,0.831,3
25.8165,91.935,42.58,543.6,42.86,145.7,9.77,Weathered Regolith / Phyllite,10.8,74.2,0.336,9.79,0.932,3
25.86507,91.93642,53.91,924.5,44.07,296.2,7.72,Shillong Quartzite,134.1,264.6,0.748,24.0,0.646,3
25.78001,91.93819,45.22,632.2,42.23,213.7,7.45,Granite Gneiss,25.0,127.8,0.435,14.56,0.811,3
25.68167,91.8608,50.12,780.7,40.07,359.0,8.91,Weathered Regolith / Phyllite,34.7,105.4,0.387,12.76,0.911,3
25.6838,91.90984,40.54,375.2,47.63,283.3,6.67,Weathered Regolith / Phyllite,20.9,159.1,0.543,17.57,0.648,3
25.8351,91.85531,52.01,801.2,44.7,98.5,6.13,Shillong Quartzite,41.1,106.1,0.439,11.73,0.841,3
25.76618,91.84478,56.5,949.3,49.38,95.2,7.75,Shillong Quartzite,39.0,122.7,0.449,14.14,0.695,3
25.70414,91.844,58.59,1040.3,47.36,120.9,6.03,Granite Gneiss,30.0,99.2,0.43,10.95,0.816,3
25.78273,91.86447,59.9,1139.0,41.71,303.6,7.34,Weathered Regolith / Phyllite,170.6,268.6,0.822,24.0,0.65,3
25.66734,91.87589,65.09,1219.2,33.07,9.8,7.79,Shillong Quartzite,17.2,142.1,0.489,16.21,1.011,3
25.80713,91.92802,46.46,602.9,37.22,82.9,7.96,Weathered Regolith / Phyllite,34.3,106.6,0.464,12.52,0.992,2
25.72263,91.83559,43.61,510.7,43.39,325.8,9.46,Granite Gneiss,44.8,132.5,0.433,15.86,0.751,3
25.86534,91.91554,65.55,1241.6,35.86,230.4,7.04,Weathered Regolith / Phyllite,13.2,63.2,0.331,7.53,1.179,2
25.7338,91.88909,44.7,572.6,39.84,81.7,7.41,Weathered Regolith / Phyllite,17.1,73.9,0.327,8.81,1.028,2
25.77291,91.85743,69.24,1409.8,51.47,78.9,6.09,Weathered Regolith / Phyllite,97.4,158.7,0.549,17.29,0.662,3
25.65314,91.88407,65.28,1329.1,53.43,310.5,7.54,Colluvial Debris,0.9,97.5,0.308,11.37,0.722,3
25.66956,91.85899,55.03,914.9,43.8,321.8,8.19,Shillong Quartzite,11.4,79.9,0.403,9.77,0.913,3
25.75597,91.89749,69.44,1448.9,28.72,92.2,8.12,Colluvial Debris,18.6,87.8,0.371,10.57,1.369,1
25.77958,91.8764,42.92,506.8,48.31,151.4,6.69,Weathered Regolith / Phyllite,0.0,61.7,0.333,7.23,0.906,3
25.81201,91.84137,49.09,619.0,29.01,300.5,8.46,Shillong Quartzite,64.2,163.9,0.509,18.8,1.083,3
25.72875,91.83516,59.15,1012.7,43.95,277.6,7.7,Weathered Regolith / Phyllite,9.4,48.6,0.354,6.24,1.009,2
25.83765,91.89107,50.5,782.8,43.14,293.0,6.57,Shillong Quartzite,8.3,119.9,0.458,13.37,0.825,3
25.88223,91.93731,67.85,1388.3,44.86,186.6,7.32,Granite Gneiss,48.1,116.3,0.421,13.28,0.794,3
25.86056,91.86471,41.97,466.2,50.03,328.2,7.22,Granite Gneiss,9.1,77.5,0.267,9.12,0.828,3
25.6607,91.91529,56.48,1030.1,31.14,117.3,9.75,Shillong Quartzite,177.3,250.8,0.718,24.0,0.835,3
25.77974,91.90563,57.73,1040.8,42.11,56.4,8.6,Shillong Quartzite,48.2,135.2,0.385,15.8,0.778,3
25.67833,91.9411,59.58,1148.2,32.78,255.1,8.6,Colluvial Debris,44.0,112.0,0.432,13.34,1.109,3
25.71535,91.92673,47.67,570.1,27.3,194.2,9.31,Weathered Regolith / Phyllite,42.6,180.3,0.6,20.88,1.088,3
25.9164,91.89366,50.94,852.2,46.08,307.7,8.13,Granite Gneiss,2.6,97.4,0.423,11.6,0.819,3
25.68847,91.90541,65.31,1261.6,51.31,29.2,8.48,Colluvial Debris,2.3,106.1,0.379,12.67,0.71,3
25.7847,91.93679,45.85,605.7,43.63,303.7,5.88,Shillong Quartzite,10.3,75.4,0.321,8.36,0.956,3
25.8169,91.87194,64.81,1315.7,45.21,105.6,7.44,Granite Gneiss,1.0,58.0,0.304,7.14,0.96,3
25.83967,91.86248,56.88,906.2,50.81,235.7,7.99,Weathered Regolith / Phyllite,19.4,113.9,0.409,13.3,0.698,3
25.80111,91.82141,62.87,1190.2,25.2,14.4,8.53,Weathered Regolith / Phyllite,14.1,63.4,0.253,8.15,1.653,1
25.65264,91.92745,61.41,1189.6,43.78,219.4,6.57,Shillong Quartzite,22.8,95.6,0.365,10.78,0.885,3
25.73814,91.92413,46.23,593.2,39.41,258.2,7.32,Weathered Regolith / Phyllite,9.9,76.6,0.365,9.07,1.032,2
25.78978,91.83358,57.06,1033.8,42.56,132.8,7.14,Shillong Quartzite,18.6,139.8,0.469,15.7,0.772,3
25.67372,91.89499,66.03,1338.2,40.33,77.5,7.03,Colluvial Debris,11.4,120.5,0.436,13.61,0.88,3
25.74467,91.88032,52.96,860.5,38.59,193.5,7.36,Weathered Regolith / Phyllite,92.7,118.9,0.421,13.57,0.925,3
25.65896,91.83543,69.0,1438.9,36.26,299.9,7.91,Weathered Regolith / Phyllite,29.3,133.8,0.568,15.39,0.935,3
25.67122,91.94747,53.57,926.6,48.37,116.5,8.4,Shillong Quartzite,113.7,261.7,0.761,24.0,0.65,3
25.75717,91.84791,44.28,574.0,48.98,90.9,8.05,Weathered Regolith / Phyllite,49.5,177.1,0.579,20.04,0.652,3
25.68583,91.82874,51.68,846.1,43.9,100.4,8.5,Weathered Regolith / Phyllite,58.2,128.4,0.44,15.04,0.763,3
25.80324,91.89733,68.55,1364.0,36.13,341.7,8.94,Weathered Regolith / Phyllite,34.1,87.1,0.391,10.84,1.073,2
25.83616,91.91605,49.59,759.0,46.82,129.3,7.28,Weathered Regolith / Phyllite,32.6,95.0,0.393,11.0,0.823,3
25.86616,91.82422,66.04,1331.1,48.93,1.3,7.0,Weathered Regolith / Phyllite,1.6,58.8,0.24,7.05,0.902,3
25.70404,91.90563,66.44,1370.3,45.05,281.4,5.85,Colluvial Debris,3.3,100.4,0.461,11.01,0.854,3
25.69522,91.8892,50.51,721.4,48.2,251.7,8.72,Weathered Regolith / Phyllite,46.9,126.2,0.453,14.9,0.691,3
25.67823,91.83342,42.5,530.4,38.62,46.3,6.14,Weathered Regolith / Phyllite,7.4,92.9,0.406,10.33,1.017,2
25.82184,91.84243,61.74,1125.6,46.07,354.6,8.15,Colluvial Debris,12.3,111.3,0.4,13.09,0.778,3
25.84075,91.89384,49.35,820.7,35.33,218.9,7.58,Granite Gneiss,4.4,101.2,0.42,11.78,1.07,2
25.65853,91.85853,63.49,1186.5,46.26,180.3,8.9,Weathered Regolith / Phyllite,6.1,94.0,0.413,11.54,0.818,3
25.90278,91.94198,53.28,818.1,38.36,137.6,7.59,Shillong Quartzite,41.8,92.8,0.326,10.9,1.008,2
25.66403,91.92644,54.56,897.9,29.45,323.5,8.97,Granite Gneiss,8.5,55.7,0.323,7.5,1.434,1
25.79615,91.94786,63.34,1258.7,49.89,87.8,6.77,Shillong Quartzite,16.7,81.7,0.355,9.38,0.822,3
25.84145,91.85376,51.47,815.7,45.01,102.9,6.99,Granite Gneiss,4.6,87.1,0.331,10.05,0.882,3
25.88516,91.94606,53.29,932.5,43.72,44.1,7.85,Shillong Quartzite,116.5,214.6,0.719,23.94,0.646,3
25.8428,91.87606,51.29,783.0,44.56,273.3,9.68,Weathered Regolith / Phyllite,36.5,126.0,0.42,15.26,0.745,3
25.86647,91.86518,51.02,766.1,42.15,214.4,7.71,Shillong Quartzite,12.6,114.6,0.442,13.26,0.849,3
25.74165,91.82655,55.78,922.9,44.33,219.3,8.89,Shillong Quartzite,43.0,81.2,0.309,10.18,0.891,3
25.87,91.82686,64.26,1228.2,35.81,78.6,8.63,Shillong Quartzite,7.7,78.8,0.309,9.82,1.113,2
25.67163,91.90996,50.85,724.0,37.24,234.4,8.61,Weathered Regolith / Phyllite,33.0,243.6,0.758,24.0,0.67,3
25.8916,91.87953,55.73,924.5,47.84,275.6,7.3,Weathered Regolith / Phyllite,36.7,145.9,0.487,16.42,0.654,3
25.79785,91.84945,60.12,1055.8,45.5,128.8,7.24,Colluvial Debris,210.8,276.2,0.845,24.0,0.646,3
25.87067,91.89982,48.08,711.7,49.02,288.5,6.46,Weathered Regolith / Phyllite,96.5,148.1,0.489,16.31,0.652,3
25.77213,91.85287,48.33,750.6,52.52,125.6,8.78,Weathered Regolith / Phyllite,2.8,57.9,0.289,7.67,0.839,3
25.82377,91.89509,68.0,1388.9,32.19,272.9,9.48,Granite Gneiss,8.5,83.6,0.333,10.67,1.214,2
25.79213,91.8667,61.71,1132.8,46.1,12.1,8.16,Weathered Regolith / Phyllite,3.7,65.9,0.305,8.26,0.912,3
25.84753,91.92706,57.32,1035.8,35.77,198.4,7.31,Weathered Regolith / Phyllite,5.2,147.8,0.53,16.62,0.913,3
25.67204,91.92669,59.43,1078.5,48.63,349.0,6.68,Shillong Quartzite,11.4,78.3,0.356,8.99,0.851,3
25.6663,91.88206,40.88,471.4,36.93,353.2,9.63,Shillong Quartzite,15.0,76.5,0.336,9.98,1.074,2
25.71672,91.86561,58.54,1011.2,51.01,101.4,5.71,Shillong Quartzite,65.5,180.5,0.605,19.46,0.66,3
25.69308,91.86713,55.29,899.9,47.16,158.9,8.41,Colluvial Debris,80.8,174.9,0.587,19.94,0.647,3
25.88538,91.92474,56.37,1002.1,47.78,22.7,7.07,Weathered Regolith / Phyllite,99.9,200.0,0.609,22.08,0.649,3
25.70919,91.86266,50.78,776.6,33.75,314.4,7.75,Shillong Quartzite,46.5,112.5,0.489,13.06,1.084,3
25.91348,91.84718,42.44,522.6,41.48,204.7,8.57,Weathered Regolith / Phyllite,59.7,159.6,0.469,18.39,0.719,3
25.74096,91.83101,45.8,568.7,50.43,138.6,5.89,Weathered Regolith / Phyllite,74.2,122.1,0.465,13.33,0.703,3
25.69917,91.88067,68.52,1415.6,44.04,40.6,7.2,Granite Gneiss,39.2,91.9,0.377,10.64,0.884,3
25.86322,91.88268,52.26,851.0,47.2,340.8,8.88,Weathered Regolith / Phyllite,43.5,142.3,0.513,16.68,0.658,3
25.82785,91.92932,54.0,828.5,30.67,190.9,8.59,Shillong Quartzite,175.6,256.7,0.749,24.0,0.851,3
25.78451,91.84876,41.58,455.2,34.23,101.9,8.61,Weathered Regolith / Phyllite,20.0,109.8,0.432,13.11,1.066,2
25.79995,91.86953,41.13,358.8,40.79,126.1,8.37,Weathered Regolith / Phyllite,225.5,325.1,0.824,24.0,0.653,3
25.84418,91.92509,61.52,1211.8,42.46,97.5,5.96,Shillong Quartzite,13.3,103.0,0.416,11.33,0.897,3
25.71168,91.92707,56.14,912.3,42.37,216.7,6.74,Shillong Quartzite,1.2,60.6,0.355,7.13,1.017,2
25.91901,91.87,55.26,926.6,34.66,334.8,7.91,Weathered Regolith / Phyllite,40.3,116.7,0.413,13.56,1.039,3
25.91319,91.87969,47.29,655.1,37.82,308.4,7.46,Colluvial Debris,23.8,99.4,0.438,11.54,1.003,2
25.82559,91.85943,62.34,1143.5,33.62,165.7,7.74,Weathered Regolith / Phyllite,47.2,145.1,0.485,16.51,0.983,3
25.70388,91.94123,45.05,650.6,42.12,297.5,8.4,Weathered Regolith / Phyllite,2.2,104.2,0.386,12.43,0.873,3
25.83366,91.83542,45.7,571.8,32.62,152.3,5.91,Weathered Regolith / Phyllite,27.2,78.0,0.329,8.65,1.26,1
25.66949,91.94139,53.82,873.0,45.43,90.8,7.96,Weathered Regolith / Phyllite,8.0,84.4,0.325,10.15,0.871,3
25.65828,91.9089,48.59,673.0,42.51,354.0,5.39,Weathered Regolith / Phyllite,65.4,182.9,0.585,19.59,0.664,3
25.71957,91.8891,47.42,631.9,45.72,109.4,5.87,Granite Gneiss,3.3,60.1,0.287,6.73,0.962,3
25.77491,91.82425,59.36,1073.1,34.64,116.5,7.69,Shillong Quartzite,51.9,126.8,0.437,14.55,1.009,3
25.88443,91.88183,59.53,1111.6,41.86,356.3,8.59,Weathered Regolith / Phyllite,126.1,219.3,0.635,24.0,0.649,3
25.84634,91.87301,64.74,1272.1,37.9,48.2,6.63,Colluvial Debris,0.7,51.1,0.306,6.09,1.159,2
25.85053,91.84096,52.53,808.3,35.75,273.8,8.03,Weathered Regolith / Phyllite,7.5,99.0,0.347,11.73,1.058,2
25.76488,91.90533,42.19,476.5,40.52,336.9,8.18,Weathered Regolith / Phyllite,160.5,332.2,0.85,24.0,0.654,3
25.7434,91.94625,48.21,632.7,32.38,184.2,7.2,Weathered Regolith / Phyllite,27.6,99.6,0.419,11.46,1.182,2
25.75018,91.89308,69.4,1476.3,48.38,0.9,7.48,Weathered Regolith / Phyllite,4.0,143.3,0.516,16.22,0.651,3
25.91667,91.91292,57.89,1005.8,42.76,135.0,8.82,Shillong Quartzite,16.1,67.7,0.29,8.72,0.964,3
25.66083,91.8289,61.29,1127.1,41.23,40.2,7.73,Weathered Regolith / Phyllite,6.4,131.2,0.478,15.04,0.819,3
25.8841,91.8743,40.22,329.9,43.73,149.8,6.49,Shillong Quartzite,54.1,102.7,0.458,11.51,0.866,3
25.80624,91.83513,55.55,923.8,40.67,284.4,8.04,Shillong Quartzite,1.3,81.8,0.312,9.91,0.977,3
25.76843,91.89966,41.13,506.7,42.99,157.9,7.87,Granite Gneiss,165.9,252.9,0.744,24.0,0.647,3
25.84582,91.942,57.08,1022.2,45.35,155.5,5.58,Granite Gneiss,27.9,127.2,0.415,13.75,0.772,3
25.7814,91.90603,67.62,1411.2,41.45,200.4,6.21,Weathered Regolith / Phyllite,68.4,130.8,0.457,14.38,0.833,3
25.88582,91.82998,69.05,1421.5,43.04,209.4,6.51,Weathered Regolith / Phyllite,56.7,128.5,0.461,14.25,0.803,3
25.89319,91.86611,56.22,862.8,47.83,308.3,6.24,Shillong Quartzite,63.2,88.3,0.349,9.88,0.838,3
25.76386,91.89159,53.75,883.9,31.64,111.0,7.34,Weathered Regolith / Phyllite,1.8,96.9,0.363,11.23,1.218,2
25.72474,91.87242,68.35,1400.3,38.13,295.8,7.69,Weathered Regolith / Phyllite,51.5,108.9,0.43,12.65,0.963,3
25.80993,91.92837,60.21,1143.1,39.45,203.7,7.41,Shillong Quartzite,42.4,157.1,0.485,17.65,0.786,3
25.89634,91.92591,41.95,466.7,49.3,108.2,8.5,Weathered Regolith / Phyllite,65.2,118.3,0.461,13.97,0.701,3
25.70688,91.89954,53.97,858.1,39.78,106.2,8.03,Granite Gneiss,10.5,109.6,0.491,12.86,0.915,3
25.8182,91.86855,47.21,648.3,36.35,130.0,8.9,Weathered Regolith / Phyllite,68.0,158.8,0.478,18.43,0.844,3
25.82052,91.85319,54.09,879.6,38.37,224.2,7.87,Colluvial Debris,14.4,80.2,0.303,9.67,1.042,2
25.84794,91.83376,53.66,899.2,39.09,83.1,6.28,Granite Gneiss,28.2,159.0,0.469,17.41,0.802,3
25.68552,91.86614,57.46,1007.4,46.54,331.3,7.42,Weathered Regolith / Phyllite,15.5,79.3,0.335,9.39,0.873,3
25.84327,91.87371,50.7,735.0,35.82,207.0,8.74,Shillong Quartzite,15.6,83.2,0.397,10.33,1.098,2
25.89544,91.90786,44.93,595.2,43.03,331.2,6.67,Shillong Quartzite,149.8,222.0,0.706,24.0,0.647,3
25.69851,91.90556,55.11,899.4,50.51,16.7,5.89,Shillong Quartzite,12.3,86.6,0.387,9.56,0.809,3
25.71414,91.82911,64.91,1259.1,43.17,123.3,7.15,Shillong Quartzite,44.1,113.1,0.437,12.88,0.838,3
25.91228,91.87138,59.92,1078.7,38.55,8.2,7.49,Shillong Quartzite,28.1,82.5,0.413,9.76,1.035,2
25.69886,91.84363,50.15,764.8,34.2,98.0,7.4,Weathered Regolith / Phyllite,32.8,110.0,0.403,12.65,1.081,3
25.88068,91.84039,68.07,1327.4,46.52,310.3,6.28,Weathered Regolith / Phyllite,7.4,80.3,0.379,9.04,0.883,3
25.78292,91.92755,67.37,1359.1,43.37,13.2,6.88,Colluvial Debris,209.7,345.8,0.85,24.0,0.647,3
25.71675,91.82545,46.28,663.0,30.32,157.0,8.56,Weathered Regolith / Phyllite,30.2,227.6,0.73,24.0,0.863,3
25.8851,91.87449,41.18,445.2,26.51,42.3,7.95,Weathered Regolith / Phyllite,6.2,129.2,0.419,14.91,1.335,1
25.77023,91.84187,62.24,1151.7,44.19,150.1,7.93,Weathered Regolith / Phyllite,38.9,126.5,0.435,14.62,0.77,3
25.789,91.93431,64.83,1254.4,40.72,302.0,7.81,Colluvial Debris,5.3,67.0,0.409,8.25,1.023,2
25.74699,91.89242,69.04,1428.1,46.32,224.3,7.65,Shillong Quartzite,1.8,77.0,0.326,9.24,0.881,3
25.8101,91.85008,66.7,1356.7,31.42,265.2,7.31,Granite Gneiss,21.0,75.3,0.41,8.93,1.3,1
25.69415,91.88532,58.02,1090.7,52.67,125.7,7.35,Granite Gneiss,22.6,57.9,0.29,7.1,0.855,3
25.75559,91.91509,55.9,891.5,40.06,340.0,5.73,Granite Gneiss,154.1,251.6,0.725,24.0,0.655,3
25.91174,91.94456,40.84,439.8,43.01,255.3,7.46,Shillong Quartzite,12.0,99.8,0.363,11.59,0.878,3
25.7197,91.84866,47.4,666.4,47.55,151.8,7.66,Weathered Regolith / Phyllite,81.6,183.8,0.554,20.59,0.648,3
25.82732,91.9352,53.79,879.9,48.08,153.5,6.45,Weathered Regolith / Phyllite,9.4,77.6,0.343,8.82,0.864,3
25.7378,91.94146,58.86,1074.1,38.07,330.7,7.09,Shillong Quartzite,4.7,40.6,0.277,5.15,1.181,2
25.85884,91.93913,56.72,975.9,45.66,207.5,6.69,Weathered Regolith / Phyllite,137.2,218.8,0.645,23.92,0.646,3
25.68534,91.9026,62.28,1139.8,38.69,254.3,6.17,Shillong Quartzite,10.1,99.0,0.426,10.98,0.996,2
25.91185,91.90188,48.39,702.3,33.16,150.1,7.57,Shillong Quartzite,31.9,134.7,0.46,15.34,1.035,3
25.77252,91.87242,56.95,1019.2,45.71,80.5,9.17,Shillong Quartzite,7.4,122.0,0.366,14.63,0.741,3
25.71373,91.91781,42.64,490.7,37.88,260.5,7.41,Weathered Regolith / Phyllite,22.4,164.2,0.533,18.41,0.803,3
25.66984,91.88907,52.41,876.7,36.04,218.8,7.78,Weathered Regolith / Phyllite,13.7,117.8,0.42,13.63,0.994,3
25.69583,91.90807,62.5,1178.2,35.74,180.5,8.28,Granite Gneiss,91.3,203.4,0.687,22.93,0.728,3
25.79034,91.8757,60.8,1146.5,43.68,224.6,7.99,Weathered Regolith / Phyllite,15.9,137.5,0.518,15.8,0.746,3
25.74099,91.91509,69.72,1376.9,39.32,75.0,9.15,Shillong Quartzite,24.6,94.7,0.428,11.73,0.959,3
25.8738,91.92718,48.34,781.5,40.34,285.8,8.7,Shillong Quartzite,81.1,141.0,0.518,16.46,0.799,3
25.76634,91.83904,54.95,914.0,36.16,341.3,8.64,Colluvial Debris,126.9,209.7,0.659,23.74,0.693,3
25.71715,91.92828,49.89,726.5,32.01,320.8,9.43,Granite Gneiss,3.0,80.8,0.375,10.36,1.231,2
25.81663,91.89024,53.22,852.0,46.14,115.7,6.71,Weathered Regolith / Phyllite,167.1,239.9,0.745,24.0,0.646,3
25.84083,91.92981,65.71,1261.8,40.97,146.2,8.0,Shillong Quartzite,13.5,79.7,0.379,9.67,0.977,3
25.6951,91.87607,60.53,1071.7,44.77,291.0,8.65,Weathered Regolith / Phyllite,25.3,112.5,0.406,13.41,0.792,3
25.69526,91.86928,66.47,1328.2,44.42,214.2,7.9,Weathered Regolith / Phyllite,13.2,64.9,0.266,8.06,0.949,3
25.6599,91.93896,46.11,618.3,51.01,197.2,8.97,Granite Gneiss,87.0,201.7,0.548,23.02,0.66,3
25.84883,91.85265,66.2,1326.0,39.34,333.6,6.34,Shillong Quartzite,4.8,74.4,0.31,8.44,1.052,2
25.82923,91.92975,41.79,461.4,33.39,193.0,7.82,Shillong Quartzite,23.8,77.1,0.32,9.33,1.21,2
25.77815,91.88292,66.66,1329.7,41.09,185.4,9.31,Weathered Regolith / Phyllite,22.2,112.5,0.424,13.68,0.861,3
25.87793,91.88683,49.87,697.4,27.2,15.1,7.91,Granite Gneiss,5.9,127.5,0.456,14.71,1.305,1
25.86753,91.8601,49.44,710.8,42.58,25.0,8.26,Weathered Regolith / Phyllite,21.8,63.8,0.39,8.09,0.985,2
25.80805,91.8945,55.36,944.1,45.74,2.7,5.6,Granite Gneiss,101.2,177.8,0.594,19.13,0.646,3
25.88443,91.86228,68.22,1366.2,34.02,328.8,8.45,Shillong Quartzite,35.1,185.8,0.559,21.12,0.831,3
25.70558,91.82511,41.43,461.9,48.78,147.0,8.72,Weathered Regolith / Phyllite,18.4,86.6,0.425,10.69,0.801,3
25.68022,91.85536,50.57,764.4,29.92,168.7,7.8,Weathered Regolith / Phyllite,69.4,132.9,0.463,15.24,1.161,2
25.72283,91.82083,65.7,1293.7,42.46,304.3,5.63,Weathered Regolith / Phyllite,24.0,162.0,0.559,17.46,0.724,3
25.66541,91.94719,51.88,824.1,40.49,219.3,5.76,Colluvial Debris,4.1,77.0,0.368,8.49,1.022,2
25.79342,91.94555,45.97,628.5,51.99,219.4,8.41,Granite Gneiss,118.9,229.4,0.686,24.0,0.665,3
25.90288,91.87137,52.74,874.4,38.71,106.8,8.35,Shillong Quartzite,5.6,70.1,0.391,8.79,1.058,2
25.66062,91.91469,51.57,884.2,31.81,300.2,6.66,Shillong Quartzite,40.8,222.7,0.647,24.0,0.812,3
25.68297,91.86495,67.46,1395.7,48.48,59.7,5.71,Shillong Quartzite,95.7,197.6,0.62,21.28,0.65,3
25.77209,91.90724,62.86,1140.8,44.9,19.1,8.37,Shillong Quartzite,12.5,139.0,0.45,16.11,0.714,3
25.90215,91.92471,55.15,887.0,48.17,69.0,8.27,Shillong Quartzite,16.0,68.2,0.344,8.56,0.87,3
25.73536,91.94308,69.65,1426.8,44.18,96.4,6.28,Weathered Regolith / Phyllite,15.3,103.8,0.425,11.54,0.856,3
25.78695,91.87203,53.96,858.0,37.34,101.6,7.27,Granite Gneiss,114.0,234.3,0.699,24.0,0.669,3
25.66122,91.92183,41.75,476.8,32.61,241.4,8.74,Granite Gneiss,44.3,141.2,0.493,16.5,1.018,3
25.69005,91.85457,47.87,695.3,39.55,78.4,7.82,Weathered Regolith / Phyllite,26.9,124.3,0.446,14.34,0.878,3
25.91639,91.94874,53.08,838.5,32.51,243.6,9.44,Granite Gneiss,1.9,101.7,0.419,12.58,1.143,2
25.91058,91.82335,44.71,612.3,47.76,32.8,7.42,Shillong Quartzite,204.6,302.4,0.85,24.0,0.649,3
25.65133,91.89846,68.43,1453.1,52.08,53.0,7.76,Weathered Regolith / Phyllite,5.8,76.9,0.301,9.28,0.798,3
25.90699,91.90574,63.01,1132.7,47.81,183.2,7.49,Weathered Regolith / Phyllite,108.4,178.8,0.562,19.99,0.649,3
25.82256,91.90945,48.05,624.5,43.15,331.9,8.97,Shillong Quartzite,13.2,78.5,0.338,9.93,0.922,3
25.88434,91.83565,57.72,1064.2,43.14,309.4,7.36,Colluvial Debris,26.8,177.8,0.598,19.84,0.647,3
25.77278,91.94201,61.64,1192.3,42.33,348.8,6.84,Granite Gneiss,2.3,81.9,0.409,9.44,0.953,3
25.78921,91.84355,68.24,1408.4,40.68,234.2,7.23,Shillong Quartzite,11.8,94.8,0.406,10.96,0.947,3
25.78199,91.90096,66.45,1326.2,32.07,243.3,8.98,Weathered Regolith / Phyllite,45.4,136.9,0.487,16.14,1.049,3
25.83005,91.84895,55.46,936.8,36.41,225.0,7.87,Weathered Regolith / Phyllite,18.2,119.2,0.412,13.81,0.977,3
25.68771,91.85994,63.24,1234.8,43.54,224.2,7.22,Weathered Regolith / Phyllite,65.8,227.1,0.754,24.0,0.646,3
25.65809,91.89104,56.86,997.3,27.97,53.0,8.31,Colluvial Debris,24.0,93.3,0.348,11.24,1.384,1
25.73314,91.87424,56.58,1032.6,41.17,195.7,6.46,Colluvial Debris,73.9,186.4,0.54,20.39,0.67,3
25.84026,91.84083,43.44,493.2,29.39,139.0,5.94,Weathered Regolith / Phyllite,113.5,197.9,0.644,21.4,0.982,3
25.7045,91.84222,43.78,533.2,51.07,159.3,6.72,Granite Gneiss,16.9,71.9,0.318,8.32,0.837,3
25.83183,91.87436,55.89,991.6,39.77,188.5,8.02,Shillong Quartzite,23.3,92.7,0.414,11.05,0.966,3
25.91188,91.91845,48.07,688.9,50.0,46.2,7.93,Weathered Regolith / Phyllite,50.4,145.9,0.558,16.67,0.656,3
25.67535,91.93674,40.63,449.0,47.6,129.4,8.34,Shillong Quartzite,7.0,89.5,0.366,10.85,0.815,3
25.8316,91.83094,61.69,1185.3,40.92,22.8,8.96,Granite Gneiss,55.4,117.6,0.457,14.08,0.853,3
25.76981,91.8711,40.97,417.1,36.23,352.7,7.64,Weathered Regolith / Phyllite,25.1,99.3,0.381,11.6,1.047,2
25.8844,91.83303,57.86,984.2,37.04,42.7,8.46,Colluvial Debris,36.2,106.0,0.416,12.64,0.993,2
25.69783,91.82216,56.18,936.2,37.94,93.1,6.23,Weathered Regolith / Phyllite,2.3,56.7,0.3,6.52,1.145,2
25.83701,91.90602,69.06,1373.9,45.98,320.9,5.82,Weathered Regolith / Phyllite,40.7,76.9,0.388,8.5,0.908,3
25.87629,91.89832,54.53,834.2,42.15,173.8,6.38,Weathered Regolith / Phyllite,10.4,181.9,0.558,19.88,0.663,3
25.90505,91.84119,41.91,510.5,51.81,48.8,7.19,Granite Gneiss,45.8,176.6,0.542,19.64,0.664,3
25.83448,91.8504,56.55,903.8,43.14,138.3,6.74,Weathered Regolith / Phyllite,19.9,99.6,0.391,11.28,0.884,3
25.78424,91.82308,65.23,1357.6,26.32,41.7,7.66,Granite Gneiss,9.0,201.0,0.649,22.42,1.08,3
25.81682,91.92854,69.91,1425.6,27.03,72.1,8.61,Shillong Quartzite,85.5,176.0,0.535,20.15,1.126,3
25.8846,91.94671,52.91,840.7,38.04,18.7,7.42,Shillong Quartzite,40.6,108.8,0.372,12.53,0.969,3
25.80406,91.83761,49.61,675.7,32.55,157.8,8.16,Granite Gneiss,244.8,318.3,0.85,24.0,0.789,3
25.6582,91.85009,67.2,1367.4,37.57,290.4,7.6,Weathered Regolith / Phyllite,12.7,131.0,0.379,14.96,0.912,3
25.90136,91.93289,45.74,590.4,42.11,210.9,6.6,Granite Gneiss,29.3,119.2,0.39,13.3,0.849,3
25.83617,91.94044,58.46,1048.6,39.32,218.3,6.17,Weathered Regolith / Phyllite,26.5,90.9,0.467,10.13,1.004,2
25.83266,91.87455,52.17,794.5,54.22,72.2,6.45,Shillong Quartzite,180.1,278.7,0.723,24.0,0.681,3
25.70823,91.82658,41.23,462.4,39.44,123.8,6.05,Granite Gneiss,136.9,226.3,0.66,24.0,0.658,3
25.8279,91.82512,50.42,731.7,45.41,304.3,7.85,Colluvial Debris,9.7,166.2,0.52,18.8,0.646,3
25.75634,91.89461,47.96,681.6,39.29,31.6,8.54,Weathered Regolith / Phyllite,67.2,161.7,0.444,18.59,0.763,3
25.82583,91.87108,60.58,1138.9,40.82,308.9,7.27,Shillong Quartzite,106.4,160.6,0.493,17.97,0.746,3
25.67878,91.82372,68.46,1454.3,37.7,174.1,7.52,Weathered Regolith / Phyllite,90.6,201.2,0.633,22.38,0.693,3
25.82762,91.89582,48.04,713.7,46.17,301.4,8.36,Weathered Regolith / Phyllite,6.7,173.1,0.591,19.74,0.646,3
25.91984,91.82147,64.34,1255.6,42.31,114.5,6.82,Weathered Regolith / Phyllite,166.9,227.2,0.724,24.0,0.648,3
25.66302,91.92236,41.66,457.8,46.81,122.0,6.19,Weathered Regolith / Phyllite,33.5,171.5,0.542,18.69,0.647,3
25.91384,91.85984,56.14,977.6,32.59,270.6,8.02,Granite Gneiss,41.9,124.3,0.38,14.42,1.083,3
25.75987,91.82523,42.12,504.7,35.83,282.6,8.26,Granite Gneiss,14.2,70.3,0.337,8.77,1.143,2
25.8851,91.89649,68.02,1351.0,45.14,82.7,7.81,Weathered Regolith / Phyllite,66.5,128.6,0.518,14.79,0.747,3
25.86124,91.8717,62.99,1240.8,48.43,350.2,7.99,Granite Gneiss,153.9,233.6,0.755,24.0,0.65,3
25.80309,91.94659,59.74,1053.4,37.75,30.4,6.1,Weathered Regolith / Phyllite,32.0,164.4,0.581,17.91,0.821,3
25.84938,91.89075,64.72,1283.3,49.32,24.7,7.22,Shillong Quartzite,2.8,84.2,0.311,9.84,0.817,3
25.8872,91.85578,59.43,1101.6,32.85,214.4,7.22,Colluvial Debris,28.0,167.3,0.54,18.66,0.943,3
25.75912,91.91223,69.07,1390.5,39.83,260.2,8.41,Granite Gneiss,59.2,143.3,0.504,16.59,0.808,3
25.7383,91.85529,61.42,1088.0,47.39,345.9,8.5,Weathered Regolith / Phyllite,5.5,96.2,0.407,11.62,0.797,3
25.83025,91.93755,67.74,1360.3,49.25,145.8,6.78,Granite Gneiss,37.5,141.6,0.42,15.76,0.653,3
25.86812,91.86871,55.51,837.8,42.07,9.1,6.21,Weathered Regolith / Phyllite,0.7,52.2,0.377,6.03,1.054,2
25.85582,91.89148,43.51,515.8,28.14,217.0,7.46,Granite Gneiss,73.0,173.4,0.614,19.41,1.101,3
25.86541,91.82657,55.85,904.7,36.93,104.3,6.45,Shillong Quartzite,114.0,157.6,0.527,17.32,0.86,3
25.76761,91.8754,43.81,657.7,38.8,155.9,7.29,Granite Gneiss,12.2,58.0,0.313,7.07,1.105,2
25.87082,91.92821,57.77,1064.5,42.0,175.8,7.77,Weathered Regolith / Phyllite,3.2,101.4,0.383,11.88,0.891,3
25.68246,91.92473,54.47,909.5,41.59,23.2,9.26,Shillong Quartzite,30.1,75.4,0.395,9.71,0.961,3
25.79701,91.84916,58.68,1107.0,38.9,175.0,7.51,Shillong Quartzite,0.8,133.6,0.428,15.2,0.87,3
25.65155,91.84939,40.3,438.8,46.41,153.5,6.66,Shillong Quartzite,18.4,133.8,0.479,14.89,0.721,3
25.73764,91.92625,45.85,558.0,46.54,256.5,6.43,Shillong Quartzite,8.9,73.6,0.308,8.39,0.901,3
25.74894,91.94095,54.74,890.9,45.22,232.4,6.51,Colluvial Debris,18.0,101.6,0.403,11.4,0.84,3
25.75697,91.8324,68.52,1439.2,42.49,66.7,6.69,Granite Gneiss,0.5,55.0,0.348,6.52,1.031,2
25.83778,91.87851,51.51,764.4,38.81,74.2,8.46,Weathered Regolith / Phyllite,1.5,113.6,0.404,13.45,0.922,3
25.75491,91.86387,52.73,861.4,38.05,90.4,6.12,Granite Gneiss,0.5,113.9,0.438,12.55,0.968,3
25.77115,91.93319,61.44,1177.4,37.73,64.4,9.88,Weathered Regolith / Phyllite,27.0,98.6,0.392,12.43,0.98,2
25.71414,91.83086,58.11,1023.6,40.5,236.6,7.78,Shillong Quartzite,23.0,134.4,0.446,15.39,0.826,3
25.75078,91.84745,48.97,720.0,39.21,358.0,7.88,Colluvial Debris,7.4,128.2,0.437,14.77,0.874,3
25.71136,91.91782,52.32,864.6,45.88,234.8,7.14,Weathered Regolith / Phyllite,29.1,90.7,0.355,10.5,0.854,3
25.66976,91.82667,46.53,659.9,43.44,218.4,8.1,Granite Gneiss,60.4,142.6,0.421,16.39,0.735,3
25.81293,91.88403,68.98,1432.2,38.17,147.6,7.73,Granite Gneiss,9.1,154.5,0.514,17.51,0.822,3
25.83042,91.87747,43.92,536.6,32.6,112.5,7.54,Shillong Quartzite,49.9,162.2,0.54,18.25,0.965,3
25.81726,91.86347,51.16,813.9,30.6,328.0,7.4,Weathered Regolith / Phyllite,30.4,112.2,0.366,12.88,1.209,2
25.77514,91.87129,40.78,346.3,36.87,348.8,9.1,Weathered Regolith / Phyllite,1.0,102.6,0.388,12.54,1.001,2
25.75254,91.88889,46.65,691.9,37.59,178.8,7.23,Colluvial Debris,13.2,108.4,0.409,12.4,0.985,2
25.8831,91.84098,63.41,1214.2,48.49,104.5,7.28,Weathered Regolith / Phyllite,19.8,142.2,0.525,16.02,0.655,3
25.79015,91.89436,46.04,581.8,35.64,277.2,7.49,Shillong Quartzite,36.8,140.1,0.557,15.88,0.939,3
25.77938,91.92471,42.4,508.0,36.08,47.7,6.37,Weathered Regolith / Phyllite,9.5,114.7,0.448,12.74,1.019,3
25.65692,91.91882,54.23,921.0,28.1,275.6,7.2,Weathered Regolith / Phyllite,113.6,259.9,0.697,24.0,0.947,3
25.74214,91.84001,40.3,371.4,43.3,294.8,6.65,Granite Gneiss,32.3,137.9,0.446,15.31,0.768,3
25.75265,91.8394,42.54,491.7,35.55,45.0,8.39,Weathered Regolith / Phyllite,92.6,193.4,0.608,21.9,0.764,3
25.75768,91.85486,64.23,1249.5,43.04,351.7,7.38,Colluvial Debris,2.9,69.2,0.314,8.3,0.97,3
25.80665,91.86694,63.14,1208.9,40.74,354.8,8.45,Shillong Quartzite,5.6,123.1,0.449,14.46,0.847,3
25.79407,91.8731,67.45,1425.9,44.87,337.2,8.1,Shillong Quartzite,18.7,130.2,0.5,15.07,0.744,3
25.81413,91.90836,65.64,1296.4,47.44,178.6,6.51,Weathered Regolith / Phyllite,19.1,228.3,0.675,24.0,0.648,3
25.85652,91.82737,60.5,1112.1,37.41,88.6,8.0,Colluvial Debris,141.7,231.6,0.787,24.0,0.669,3
25.86951,91.82451,41.57,427.7,43.6,209.5,8.24,Weathered Regolith / Phyllite,176.9,276.3,0.725,24.0,0.646,3
25.84389,91.87095,63.49,1189.0,39.9,151.2,8.08,Shillong Quartzite,6.3,96.3,0.413,11.46,0.952,3
25.90799,91.91063,65.37,1303.5,49.13,74.1,7.68,Weathered Regolith / Phyllite,25.3,119.9,0.377,13.81,0.708,3
25.65492,91.84515,63.97,1220.2,28.9,152.5,8.77,Weathered Regolith / Phyllite,0.6,59.1,0.276,7.79,1.452,1
25.70286,91.9034,55.25,926.4,39.31,239.0,6.05,Shillong Quartzite,14.2,105.6,0.446,11.64,0.961,3
25.65204,91.85378,46.99,652.5,45.45,25.5,8.14,Shillong Quartzite,40.4,79.3,0.272,9.68,0.884,3
25.82482,91.93519,65.36,1290.1,42.69,120.0,6.98,Weathered Regolith / Phyllite,14.3,141.3,0.503,15.8,0.766,3
25.89247,91.93644,61.81,1168.9,37.48,6.4,8.02,Shillong Quartzite,171.7,254.8,0.691,24.0,0.668,3
25.71574,91.85865,69.42,1435.1,39.29,269.8,7.0,Granite Gneiss,104.6,188.9,0.593,20.87,0.698,3
25.9003,91.8499,44.67,588.5,42.35,230.6,8.56,Weathered Regolith / Phyllite,26.2,150.5,0.486,17.41,0.728,3
25.66627,91.87347,46.77,742.6,35.58,22.6,7.85,Weathered Regolith / Phyllite,4.4,156.3,0.524,17.74,0.886,3
25.9023,91.85127,46.35,671.6,34.37,347.3,8.31,Weathered Regolith / Phyllite,13.4,109.2,0.436,12.92,1.067,2
25.74494,91.90741,63.78,1217.7,43.23,8.1,8.39,Weathered Regolith / Phyllite,0.3,123.4,0.494,14.47,0.793,3
25.67738,91.92739,45.61,644.9,46.4,212.4,8.62,Weathered Regolith / Phyllite,25.8,82.0,0.366,10.17,0.854,3
25.78119,91.9075,42.0,427.8,39.26,279.5,8.36,Weathered Regolith / Phyllite,48.3,79.0,0.378,9.74,1.017,2
25.71933,91.92717,69.96,1425.8,47.45,283.6,6.32,Shillong Quartzite,27.8,154.6,0.518,16.96,0.648,3
25.72692,91.87161,40.74,454.3,38.5,12.3,8.75,Weathered Regolith / Phyllite,43.2,148.8,0.454,17.31,0.82,3
25.73297,91.84032,65.06,1304.0,46.35,326.3,7.82,Shillong Quartzite,45.1,142.3,0.447,16.24,0.684,3
25.86682,91.91593,50.96,807.7,31.37,330.6,8.34,Colluvial Debris,53.3,130.1,0.526,15.16,1.106,3
25.79557,91.86686,65.25,1260.1,44.9,202.1,8.79,Colluvial Debris,8.7,76.5,0.299,9.64,0.895,3
25.73405,91.90727,56.64,959.0,38.96,173.5,7.03,Granite Gneiss,199.9,242.5,0.721,24.0,0.66,3
25.81479,91.85518,67.05,1352.0,37.87,16.2,7.04,Weathered Regolith / Phyllite,29.7,94.5,0.395,10.86,1.022,2
25.84336,91.83056,67.79,1362.4,31.45,202.3,8.09,Weathered Regolith / Phyllite,95.0,148.9,0.512,17.06,1.042,3
25.72361,91.94904,40.27,445.1,35.44,147.4,8.55,Granite Gneiss,122.2,268.7,0.812,24.0,0.705,3
25.76166,91.84031,42.26,468.1,35.16,278.2,7.78,Weathered Regolith / Phyllite,84.0,205.8,0.607,22.98,0.743,3
25.68291,91.94849,47.51,650.6,42.5,145.4,7.99,Weathered Regolith / Phyllite,158.9,206.1,0.625,23.09,0.648,3
25.69891,91.94705,60.08,1037.7,40.98,246.1,7.58,Shillong Quartzite,51.9,110.6,0.41,12.78,0.889,3
25.8339,91.9232,66.65,1367.7,46.86,36.5,7.78,Weathered Regolith / Phyllite,8.5,95.3,0.299,11.24,0.816,3
25.69899,91.90572,53.8,895.8,40.4,47.9,8.58,Granite Gneiss,15.1,106.5,0.384,12.74,0.903,3
25.79179,91.89511,58.21,945.9,46.37,50.3,6.5,Granite Gneiss,5.7,73.2,0.384,8.38,0.904,3
25.84144,91.93259,45.65,615.7,34.97,16.4,8.42,Granite Gneiss,20.6,100.0,0.481,11.99,1.075,2
25.67886,91.85763,64.15,1229.2,54.52,194.9,7.97,Granite Gneiss,19.2,133.9,0.513,15.42,0.683,3
25.80317,91.8808,69.02,1446.7,34.55,285.8,7.8,Weathered Regolith / Phyllite,6.7,156.9,0.541,17.79,0.916,3
25.71927,91.90052,48.06,677.8,48.21,219.7,6.96,Granite Gneiss,31.3,135.3,0.423,15.16,0.684,3
25.90999,91.87345,54.84,887.4,47.63,207.0,5.36,Weathered Regolith / Phyllite,3.5,84.7,0.374,9.14,0.862,3
25.78056,91.87557,42.58,559.6,45.74,245.0,8.31,Shillong Quartzite,1.8,62.8,0.322,7.99,0.926,3
25.86762,91.86294,56.77,1050.0,31.79,122.3,7.56,Weathered Regolith / Phyllite,13.6,66.5,0.42,8.1,1.31,1
25.79856,91.89335,55.08,920.5,34.98,130.3,7.53,Granite Gneiss,14.8,98.1,0.326,11.43,1.092,2
25.66172,91.93057,44.33,566.6,50.14,113.1,6.93,Colluvial Debris,10.8,113.2,0.379,12.8,0.722,3
25.82095,91.8462,53.26,845.8,40.03,256.4,7.74,Weathered Regolith / Phyllite,8.4,53.5,0.346,6.78,1.082,2
25.90688,91.94148,50.02,682.6,39.98,58.2,8.26,Weathered Regolith / Phyllite,11.6,100.4,0.463,11.97,0.935,3
25.81244,91.90958,55.65,1000.6,47.62,4.7,8.18,Weathered Regolith / Phyllite,5.0,132.4,0.485,15.34,0.688,3
25.87118,91.92703,57.57,983.0,27.48,214.6,7.93,Weathered Regolith / Phyllite,14.5,113.6,0.415,13.24,1.341,1
25.88874,91.8923,40.25,459.9,43.03,339.3,8.05,Weathered Regolith / Phyllite,65.8,150.2,0.533,17.17,0.721,3
25.71158,91.92134,62.83,1226.9,46.79,219.4,8.07,Granite Gneiss,7.1,99.6,0.486,11.81,0.801,3
25.70725,91.82211,61.39,1160.2,38.54,281.9,7.21,Shillong Quartzite,112.5,273.8,0.756,24.0,0.662,3
25.81496,91.92639,50.99,783.0,35.4,242.2,6.46,Shillong Quartzite,4.3,112.8,0.447,12.57,1.044,3
25.76098,91.82522,41.59,483.6,37.56,179.1,8.93,Granite Gneiss,126.8,224.5,0.666,24.0,0.668,3
25.87676,91.93569,62.65,1155.5,37.66,258.6,8.27,Weathered Regolith / Phyllite,10.8,65.5,0.339,8.27,1.103,2
25.89301,91.94896,68.66,1456.3,45.19,296.7,7.93,Weathered Regolith / Phyllite,77.4,168.6,0.582,19.09,0.646,3
25.74542,91.85823,47.2,657.9,43.35,80.9,5.92,Granite Gneiss,119.0,232.2,0.667,24.0,0.647,3
25.71396,91.84734,49.71,799.5,23.9,121.0,9.22,Granite Gneiss,148.5,215.2,0.693,24.0,1.146,3
25.86074,91.9195,45.51,588.1,38.47,80.5,7.96,Weathered Regolith / Phyllite,99.4,171.3,0.537,19.39,0.761,3
25.7242,91.85289,57.31,1011.5,34.17,162.8,8.89,Weathered Regolith / Phyllite,4.3,87.1,0.394,10.81,1.137,2
25.87211,91.93252,44.65,573.1,44.86,318.6,9.15,Weathered Regolith / Phyllite,78.6,148.1,0.428,17.39,0.679,3
25.76441,91.83337,50.69,797.0,38.49,124.3,9.23,Weathered Regolith / Phyllite,11.9,78.7,0.384,10.05,1.028,2
25.83024,91.83637,60.91,1204.3,41.14,134.8,8.66,Weathered Regolith / Phyllite,1.3,86.0,0.334,10.6,0.946,3
25.67579,91.94729,56.8,970.6,38.04,309.7,5.67,Shillong Quartzite,10.0,124.0,0.433,13.45,0.943,3
25.81844,91.9076,51.59,800.7,46.06,185.5,8.6,Granite Gneiss,107.6,187.8,0.503,21.4,0.646,3
25.77198,91.9301,52.61,840.5,36.12,192.8,6.29,Weathered Regolith / Phyllite,129.4,202.0,0.615,21.98,0.746,3
25.80838,91.86216,56.86,897.6,40.89,309.9,8.65,Shillong Quartzite,27.1,87.4,0.425,10.75,0.948,3
25.69536,91.90794,40.18,384.0,47.81,176.6,6.83,Weathered Regolith / Phyllite,127.8,199.6,0.556,21.94,0.649,3
25.84896,91.89725,42.36,462.8,43.88,245.4,7.88,Shillong Quartzite,27.8,91.6,0.389,10.88,0.88,3
25.88296,91.89841,66.44,1430.8,36.38,30.8,6.0,Shillong Quartzite,0.2,182.7,0.5,19.81,0.802,3
25.70852,91.90873,42.34,492.1,41.24,64.3,8.4,Colluvial Debris,112.6,187.0,0.585,21.23,0.651,3
25.67584,91.8948,61.2,1161.9,39.29,145.6,6.41,Weathered Regolith / Phyllite,5.2,95.0,0.423,10.66,0.99,2
25.65638,91.87578,67.6,1307.3,43.48,178.1,7.38,Weathered Regolith / Phyllite,30.2,113.0,0.424,12.95,0.83,3
25.82333,91.85587,48.12,681.7,53.59,347.7,8.1,Shillong Quartzite,35.2,123.2,0.482,14.33,0.676,3
25.81392,91.91992,51.11,826.5,34.29,349.4,8.44,Weathered Regolith / Phyllite,5.3,144.7,0.478,16.76,0.954,3
25.79761,91.84942,57.07,1098.0,30.96,306.4,5.88,Weathered Regolith / Phyllite,3.3,77.7,0.454,8.61,1.329,1
25.71263,91.91001,66.45,1298.4,36.94,113.6,7.59,Weathered Regolith / Phyllite,4.6,107.0,0.459,12.41,1.003,2
25.75554,91.85033,68.26,1316.4,37.41,347.1,6.0,Shillong Quartzite,7.9,110.6,0.432,12.15,0.997,3
25.81051,91.90129,62.19,1145.5,40.22,248.2,8.17,Weathered Regolith / Phyllite,5.2,86.9,0.44,10.5,0.971,3
25.78413,91.91712,42.6,460.1,47.88,141.5,8.99,Colluvial Debris,31.4,109.3,0.476,13.21,0.744,3
25.9167,91.84843,60.07,1072.1,45.79,252.6,7.93,Weathered Regolith / Phyllite,15.3,90.2,0.357,10.75,0.848,3
25.68684,91.82779,52.31,867.1,27.43,5.9,7.38,Weathered Regolith / Phyllite,21.6,153.4,0.537,17.25,1.207,2
25.83769,91.83703,54.12,907.9,35.31,52.6,7.51,Shillong Quartzite,1.4,88.9,0.364,10.45,1.11,2
25.75917,91.89878,41.47,406.5,26.73,298.7,9.85,Weathered Regolith / Phyllite,55.3,126.3,0.495,15.36,1.307,1
25.76561,91.93043,45.73,657.3,49.11,232.4,6.58,Shillong Quartzite,5.2,90.9,0.443,10.29,0.808,3
25.84375,91.82585,63.72,1305.8,32.97,131.1,8.16,Shillong Quartzite,12.5,127.1,0.4,14.76,1.059,3
25.83696,91.91544,53.62,808.5,44.44,180.2,7.32,Shillong Quartzite,2.1,81.9,0.365,9.63,0.904,3
25.91764,91.86437,49.05,763.9,49.64,325.9,8.09,Granite Gneiss,4.1,101.2,0.461,11.99,0.752,3
25.68467,91.88221,51.52,796.4,33.95,227.4,8.96,Weathered Regolith / Phyllite,30.7,107.9,0.448,13.05,1.077,2
25.67811,91.94075,65.63,1259.4,37.77,143.3,7.38,Colluvial Debris,33.0,166.0,0.562,18.59,0.801,3
25.84557,91.86316,62.47,1128.2,36.55,43.3,8.27,Granite Gneiss,31.6,122.6,0.493,14.33,0.958,3
25.80616,91.88049,48.17,667.8,48.52,105.7,7.57,Weathered Regolith / Phyllite,137.4,193.6,0.552,21.6,0.65,3
25.72402,91.82178,43.53,502.5,30.87,352.2,7.44,Weathered Regolith / Phyllite,85.3,175.6,0.589,19.63,0.983,3
25.67144,91.83061,47.56,670.5,48.18,157.5,6.79,Weathered Regolith / Phyllite,19.8,125.8,0.506,14.09,0.715,3
25.67313,91.85362,67.62,1452.6,38.27,169.9,7.9,Weathered Regolith / Phyllite,16.7,106.0,0.436,12.42,0.966,3
25.89143,91.82362,57.45,990.4,41.86,179.5,6.54,Shillong Quartzite,8.0,91.3,0.332,10.32,0.938,3
25.7018,91.90208,56.0,903.9,51.78,318.3,8.14,Weathered Regolith / Phyllite,2.9,52.6,0.281,6.85,0.871,3
25.73731,91.87543,57.89,1013.0,42.02,217.4,6.04,Colluvial Debris,22.2,108.0,0.418,11.89,0.891,3
25.7112,91.89126,50.98,826.0,35.52,249.7,6.44,Weathered Regolith / Phyllite,10.6,184.8,0.554,20.22,0.815,3
25.74585,91.8427,64.21,1237.6,41.84,140.2,7.24,Weathered Regolith / Phyllite,20.8,111.6,0.389,12.75,0.87,3
25.66874,91.85847,55.7,975.5,37.25,10.5,6.52,Weathered Regolith / Phyllite,6.5,72.5,0.359,8.31,1.113,2
25.79015,91.9063,43.5,529.4,38.94,335.2,7.72,Weathered Regolith / Phyllite,51.0,131.0,0.534,15.01,0.874,3
25.66826,91.94549,43.87,538.0,46.74,341.7,7.24,Granite Gneiss,338.0,486.6,0.85,24.0,0.647,3
25.8661,91.82655,56.11,1027.2,44.56,341.7,8.15,Shillong Quartzite,10.9,62.5,0.298,7.9,0.951,3
25.7131,91.93575,68.1,1344.7,43.82,339.7,9.01,Weathered Regolith / Phyllite,51.7,112.5,0.399,13.56,0.806,3
25.7958,91.89499,49.25,682.1,31.85,293.5,8.69,Colluvial Debris,57.8,175.3,0.626,20.11,0.933,3
25.88762,91.89331,66.09,1276.7,50.06,246.5,6.37,Granite Gneiss,155.1,280.1,0.825,24.0,0.656,3
25.82574,91.88504,62.92,1216.1,40.91,304.0,9.0,Granite Gneiss,11.8,80.2,0.412,10.13,0.965,3
25.7939,91.82902,47.43,662.3,44.93,216.2,7.28,Granite Gneiss,193.9,267.4,0.804,24.0,0.646,3
25.73757,91.83168,41.09,466.6,33.86,48.4,7.9,Shillong Quartzite,7.3,111.2,0.472,12.97,1.083,3
25.73991,91.89812,43.06,503.9,50.96,140.8,7.15,Shillong Quartzite,27.4,140.8,0.501,15.82,0.66,3
25.83076,91.86432,61.85,1157.1,40.43,349.7,7.09,Weathered Regolith / Phyllite,187.6,241.9,0.731,24.0,0.654,3
25.91842,91.93924,45.99,622.8,47.43,126.4,8.59,Weathered Regolith / Phyllite,37.8,123.7,0.473,14.58,0.713,3
25.8287,91.87286,51.14,857.7,40.9,312.4,7.24,Shillong Quartzite,6.5,70.6,0.337,8.4,1.014,2
25.8006,91.83863,55.05,880.3,31.67,33.6,8.25,Colluvial Debris,148.9,232.0,0.691,24.0,0.817,3
25.84728,91.91291,61.76,1124.9,44.78,120.3,6.79,Shillong Quartzite,15.3,72.1,0.358,8.38,0.933,3
25.77561,91.85814,43.4,520.5,31.64,126.3,8.82,Colluvial Debris,6.8,58.8,0.327,7.77,1.326,1
25.66624,91.88831,52.19,908.0,42.35,18.6,8.37,Weathered Regolith / Phyllite,21.9,104.8,0.419,12.48,0.867,3
25.80182,91.91072,54.55,866.5,46.99,42.9,6.91,Shillong Quartzite,55.7,149.2,0.516,16.62,0.663,3
25.90856,91.93703,56.22,967.5,30.57,69.5,8.55,Shillong Quartzite,190.8,280.2,0.825,24.0,0.854,3
25.69733,91.92298,64.55,1224.2,35.74,301.6,8.41,Shillong Quartzite,38.6,125.6,0.451,14.71,0.971,3
25.8363,91.90793,45.15,596.2,50.71,22.8,7.53,Shillong Quartzite,115.6,174.4,0.515,19.54,0.659,3
25.70425,91.90835,64.23,1165.7,38.74,107.5,8.04,Weathered Regolith / Phyllite,4.1,50.4,0.299,6.57,1.121,2
25.79467,91.94297,60.79,1086.1,46.98,3.7,7.69,Weathered Regolith / Phyllite,2.2,78.9,0.318,9.46,0.864,3
25.6761,91.85846,56.68,1034.8,46.67,250.4,5.97,Colluvial Debris,3.0,42.7,0.315,4.92,0.996,2
25.7716,91.82014,60.99,1134.9,50.7,223.3,7.8,Weathered Regolith / Phyllite,13.5,105.3,0.388,12.3,0.728,3
25.85416,91.85535,52.36,802.8,42.03,232.2,7.59,Shillong Quartzite,11.6,108.6,0.399,12.57,0.871,3
25.74384,91.84833,44.15,543.5,43.53,134.8,7.46,Weathered Regolith / Phyllite,3.4,61.8,0.333,7.55,0.98,2
25.82953,91.90604,59.97,1096.5,34.17,75.0,8.93,Weathered Regolith / Phyllite,59.9,123.2,0.451,14.67,1.021,3
25.86477,91.90238,55.74,973.3,48.03,259.3,5.45,Granite Gneiss,26.8,95.5,0.437,10.33,0.823,3
25.90034,91.89715,59.18,988.3,46.69,292.0,6.77,Granite Gneiss,44.6,174.3,0.555,19.23,0.647,3
25.71335,91.82211,50.14,713.4,39.85,49.9,6.44,Colluvial Debris,13.0,83.6,0.352,9.45,1.01,2
25.75782,91.91474,67.21,1314.0,47.7,175.3,5.58,Weathered Regolith / Phyllite,14.8,84.1,0.334,9.17,0.861,3
25.69115,91.86206,57.62,1041.9,48.31,89.5,6.8,Shillong Quartzite,10.7,71.8,0.29,8.34,0.874,3
25.91797,91.90646,42.56,489.4,41.65,60.5,9.46,Colluvial Debris,16.2,68.6,0.31,9.07,0.978,3
25.90029,91.89236,53.49,929.9,43.09,264.4,6.96,Colluvial Debris,26.4,109.3,0.437,12.4,0.854,3
25.79579,91.86456,62.69,1227.3,38.66,193.7,8.2,Colluvial Debris,19.0,64.1,0.372,8.09,1.08,2
25.87735,91.83749,63.82,1220.0,42.26,77.8,6.34,Granite Gneiss,51.0,117.8,0.473,13.05,0.853,3
25.79066,91.83227,54.84,917.3,29.65,111.6,8.39,Weathered Regolith / Phyllite,64.5,148.5,0.484,17.14,1.111,3
25.81837,91.9281,66.84,1391.2,40.33,348.0,9.43,Weathered Regolith / Phyllite,17.8,194.5,0.614,22.44,0.654,3
25.67406,91.93939,48.03,738.4,26.86,305.5,7.65,Granite Gneiss,7.7,62.3,0.318,7.68,1.567,1
25.85392,91.90447,52.32,827.3,32.96,316.8,8.93,Granite Gneiss,81.3,193.8,0.653,22.17,0.832,3
25.68448,91.83345,66.96,1304.1,51.66,165.6,9.4,Granite Gneiss,37.2,132.0,0.523,15.78,0.663,3
25.87304,91.87226,66.89,1257.0,37.51,224.6,8.06,Weathered Regolith / Phyllite,98.2,197.5,0.537,22.21,0.703,3
25.86115,91.91476,60.57,1036.0,44.41,135.6,7.05,Shillong Quartzite,38.3,105.9,0.469,12.08,0.837,3
25.84136,91.92138,65.77,1320.8,39.78,28.0,8.19,Weathered Regolith / Phyllite,2.2,125.4,0.393,14.6,0.865,3
25.65976,91.83537,42.66,511.3,45.89,144.4,8.46,Shillong Quartzite,2.0,94.8,0.4,11.46,0.827,3
25.73184,91.82,65.95,1281.2,44.89,213.8,6.51,Weathered Regolith / Phyllite,4.7,132.4,0.388,14.67,0.755,3
25.72104,91.91258,49.62,788.7,47.57,103.4,7.35,Colluvial Debris,4.5,109.8,0.462,12.61,0.766,3
25.74724,91.86636,45.35,579.0,28.66,305.3,7.66,Weathered Regolith / Phyllite,15.3,74.9,0.331,9.02,1.423,1
25.67366,91.85308,47.18,627.8,37.4,54.4,7.21,Shillong Quartzite,4.8,115.1,0.46,13.11,0.97,3
25.90298,91.82168,52.54,885.7,46.96,132.2,8.47,Weathered Regolith / Phyllite,144.3,245.3,0.708,24.0,0.647,3
25.79953,91.89024,47.54,705.3,32.34,45.0,7.82,Shillong Quartzite,24.2,119.9,0.483,13.86,1.109,3
25.73249,91.93065,49.62,734.5,40.12,145.7,7.29,Shillong Quartzite,12.9,76.2,0.281,9.01,1.016,2
25.75719,91.94449,44.05,562.4,33.2,14.3,8.25,Colluvial Debris,2.0,88.7,0.4,10.73,1.174,2
25.77074,91.89355,48.89,736.7,45.75,98.1,6.68,Weathered Regolith / Phyllite,25.0,106.5,0.431,11.99,0.814,3
25.81216,91.88688,57.17,1087.9,36.64,144.3,7.04,Weathered Regolith / Phyllite,3.5,111.9,0.441,12.71,1.003,3
25.78923,91.83106,53.26,858.7,21.81,172.1,8.53,Granite Gneiss,38.1,96.5,0.413,11.67,1.771,1
25.89824,91.89135,50.4,716.9,47.03,195.7,7.25,Weathered Regolith / Phyllite,45.5,146.3,0.547,16.45,0.667,3
25.78418,91.8694,62.39,1208.8,50.36,99.0,6.79,Weathered Regolith / Phyllite,22.0,142.5,0.533,15.85,0.657,3
25.91788,91.89893,66.81,1340.7,34.99,188.3,6.18,Shillong Quartzite,4.5,82.1,0.304,9.2,1.158,2
25.87988,91.87053,62.7,1199.1,44.82,183.2,7.63,Shillong Quartzite,43.3,108.2,0.423,12.55,0.816,3
25.7063,91.85124,49.96,747.4,29.39,113.8,8.97,Weathered Regolith / Phyllite,93.4,191.0,0.614,21.89,0.966,3
25.90126,91.83235,62.33,1118.0,35.32,298.9,8.85,Weathered Regolith / Phyllite,89.4,175.1,0.563,20.15,0.822,3
25.68142,91.86094,44.56,570.0,42.06,196.4,6.87,Granite Gneiss,141.7,297.4,0.84,24.0,0.649,3
25.87071,91.83256,43.91,522.5,35.82,119.6,8.15,Shillong Quartzite,71.7,147.2,0.523,16.89,0.904,3
25.75277,91.843,50.37,750.5,43.44,341.0,8.58,Weathered Regolith / Phyllite,9.9,75.4,0.376,9.44,0.929,3
25.88705,91.94835,64.23,1232.2,33.02,304.2,7.75,Weathered Regolith / Phyllite,66.1,179.6,0.598,20.18,0.891,3
25.88438,91.87773,47.39,657.1,49.08,353.7,8.7,Shillong Quartzite,100.0,186.2,0.624,21.27,0.652,3
25.8676,91.88914,41.9,476.8,35.04,249.2,9.06,Weathered Regolith / Phyllite,2.4,85.9,0.448,10.75,1.11,2
25.86331,91.93357,43.95,537.1,33.23,136.2,7.09,Granite Gneiss,33.6,113.5,0.422,12.9,1.107,3
25.73226,91.94942,65.76,1347.9,34.88,101.1,7.22,Shillong Quartzite,5.9,102.0,0.399,11.73,1.086,2
25.67185,91.89575,59.01,1095.7,37.72,238.8,6.8,Shillong Quartzite,10.7,76.0,0.375,8.8,1.085,2
25.7588,91.92562,47.6,662.9,37.22,353.1,6.89,Colluvial Debris,4.1,101.1,0.402,11.49,1.022,2
25.69685,91.8625,56.66,941.6,44.2,225.6,8.75,Weathered Regolith / Phyllite,88.4,218.0,0.646,24.0,0.646,3
25.83764,91.85975,55.83,977.2,43.99,317.4,8.87,Weathered Regolith / Phyllite,9.2,108.0,0.399,13.02,0.818,3
25.74345,91.87235,59.66,1075.6,34.61,118.5,6.18,Shillong Quartzite,37.3,150.3,0.536,16.44,0.954,3
25.91341,91.90743,47.0,638.0,38.78,146.5,8.02,Shillong Quartzite,33.9,104.9,0.429,12.35,0.955,3
25.82306,91.90868,65.93,1254.9,50.26,326.3,7.55,Weathered Regolith / Phyllite,86.8,172.0,0.633,19.3,0.657,3
25.87207,91.86098,49.28,741.4,47.1,272.5,7.2,Weathered Regolith / Phyllite,36.1,125.7,0.416,14.24,0.728,3
25.68578,91.83732,60.82,1232.6,28.46,353.3,8.51,Weathered Regolith / Phyllite,33.2,200.0,0.58,22.66,0.978,3
25.88274,91.90221,40.48,396.7,29.11,278.9,9.52,Weathered Regolith / Phyllite,33.2,132.0,0.473,15.83,1.177,2
25.89914,91.83668,51.18,816.2,35.54,161.5,6.84,Granite Gneiss,208.8,313.9,0.839,24.0,0.702,3
25.78151,91.8952,50.55,819.1,40.86,191.2,6.4,Shillong Quartzite,9.8,86.7,0.299,9.77,0.977,3
25.81369,91.91014,56.3,949.7,36.95,324.2,5.94,Weathered Regolith / Phyllite,10.0,84.8,0.35,9.39,1.091,2
25.8565,91.91108,42.18,379.4,32.8,198.6,7.63,Weathered Regolith / Phyllite,37.8,121.8,0.535,14.0,1.088,3
25.69721,91.91795,63.7,1257.5,29.82,91.9,7.67,Weathered Regolith / Phyllite,7.3,67.0,0.427,8.19,1.394,1
25.78569,91.93347,46.53,631.8,46.31,156.8,7.34,Weathered Regolith / Phyllite,68.1,141.5,0.513,15.97,0.693,3
25.75764,91.88499,60.31,1123.3,42.82,185.9,7.65,Weathered Regolith / Phyllite,21.4,104.7,0.366,12.18,0.865,3
25.68952,91.91493,64.1,1245.6,44.2,34.8,8.26,Weathered Regolith / Phyllite,10.0,36.7,0.229,5.2,1.033,2
25.74923,91.90049,56.86,1036.4,35.56,267.8,7.61,Weathered Regolith / Phyllite,41.9,120.1,0.448,13.81,1.003,3
25.66841,91.84426,62.23,1174.0,49.99,39.4,6.92,Shillong Quartzite,10.5,62.0,0.296,7.35,0.879,3
25.65697,91.82334,59.86,1181.8,38.27,145.8,8.67,Granite Gneiss,92.5,180.5,0.584,20.65,0.729,3
25.68649,91.85699,50.67,801.2,43.71,289.7,8.55,Weathered Regolith / Phyllite,261.5,376.6,0.85,24.0,0.646,3
25.91004,91.87759,64.27,1289.8,36.86,168.3,7.05,Colluvial Debris,30.8,113.4,0.381,12.87,0.992,3
25.79837,91.90022,48.84,709.7,41.45,303.1,7.17,Granite Gneiss,3.4,87.9,0.371,10.2,0.951,3
25.91077,91.93049,57.14,1012.2,49.82,123.1,8.26,Colluvial Debris,8.6,55.2,0.32,7.17,0.886,3
25.76677,91.84551,62.36,1115.1,42.43,344.7,6.1,Colluvial Debris,20.3,99.5,0.384,11.01,0.906,3
25.73419,91.83632,51.37,774.8,42.96,75.4,7.15,Shillong Quartzite,53.4,147.6,0.543,16.55,0.74,3
25.78666,91.94525,49.08,761.0,34.22,13.8,7.82,Shillong Quartzite,5.7,75.4,0.348,9.14,1.186,2
25.76867,91.83405,53.78,879.6,48.87,314.1,6.44,Weathered Regolith / Phyllite,3.1,106.1,0.408,11.85,0.767,3
25.67853,91.8822,64.54,1213.9,43.17,270.8,6.61,Granite Gneiss,2.2,65.7,0.327,7.63,0.986,2
25.82302,91.89612,67.9,1349.0,35.65,83.5,7.7,Shillong Quartzite,19.8,136.3,0.458,15.56,0.948,3
25.70833,91.89038,56.35,944.6,38.92,354.5,8.43,Shillong Quartzite,60.5,112.6,0.444,13.33,0.923,3
25.81729,91.83118,59.84,1093.0,45.05,180.8,8.47,Shillong Quartzite,147.5,261.1,0.72,24.0,0.646,3
25.82555,91.82741,67.1,1315.1,47.45,342.4,9.11,Weathered Regolith / Phyllite,6.7,72.9,0.436,9.39,0.858,3
25.69105,91.83371,42.96,560.4,47.82,181.8,5.87,Shillong Quartzite,33.1,133.6,0.555,14.54,0.708,3
25.66656,91.89613,46.96,652.0,33.1,169.9,7.13,Weathered Regolith / Phyllite,48.9,140.4,0.486,15.77,1.023,3
25.86081,91.89076,61.27,1088.5,40.15,161.7,8.4,Granite Gneiss,145.2,253.6,0.761,24.0,0.655,3
25.77415,91.85039,64.71,1326.4,41.91,120.6,7.78,Colluvial Debris,43.0,188.1,0.618,21.1,0.649,3
25.6657,91.90291,65.71,1298.0,35.17,192.1,7.43,Granite Gneiss,69.6,150.5,0.535,16.96,0.921,3
25.91861,91.92661,52.45,856.1,45.93,162.9,6.62,Granite Gneiss,14.2,64.3,0.349,7.48,0.937,3
25.6656,91.82541,42.68,506.1,50.28,13.2,6.74,Weathered Regolith / Phyllite,117.1,174.4,0.594,19.23,0.657,3
25.83766,91.88476,53.13,876.4,37.43,93.8,7.65,Colluvial Debris,126.0,291.0,0.848,24.0,0.669,3
25.91559,91.90961,46.92,628.5,34.83,76.7,6.9,Weathered Regolith / Phyllite,25.8,141.1,0.459,15.75,0.968,3
25.71458,91.8528,48.74,719.0,43.61,312.3,9.1,Colluvial Debris,34.6,90.9,0.398,11.3,0.874,3
25.68841,91.86001,63.17,1204.9,39.96,215.6,6.36,Weathered Regolith / Phyllite,84.6,180.0,0.546,19.67,0.717,3
25.68277,91.89977,42.27,493.8,31.87,274.9,9.76,Weathered Regolith / Phyllite,16.7,95.9,0.412,12.09,1.182,2
25.73188,91.93673,64.83,1261.5,34.4,344.5,8.86,Granite Gneiss,4.1,105.1,0.449,12.71,1.073,2
25.67728,91.92529,52.83,837.5,39.08,231.9,7.57,Shillong Quartzite,31.0,135.1,0.492,15.38,0.86,3
25.83688,91.89581,57.88,967.4,33.8,353.7,8.58,Weathered Regolith / Phyllite,90.2,187.3,0.622,21.34,0.831,3
25.66682,91.91493,42.69,493.9,38.69,112.2,8.22,Shillong Quartzite,33.5,93.6,0.395,11.23,0.989,2
25.78754,91.86743,50.12,763.2,37.7,67.1,6.94,Shillong Quartzite,45.5,118.5,0.515,13.37,0.954,3
25.91911,91.90333,42.69,568.1,36.35,145.2,7.43,Weathered Regolith / Phyllite,15.4,125.3,0.472,14.28,0.965,3
25.86977,91.8806,68.85,1428.8,33.99,169.5,7.99,Shillong Quartzite,2.8,124.0,0.416,14.37,1.036,3
25.81611,91.84469,64.22,1218.6,31.04,322.3,8.42,Weathered Regolith / Phyllite,5.2,122.2,0.429,14.36,1.144,3
25.73269,91.91123,53.79,842.0,41.29,201.6,7.81,Shillong Quartzite,184.2,276.7,0.806,24.0,0.651,3
25.81845,91.89234,46.71,645.5,50.37,105.2,7.31,Weathered Regolith / Phyllite,106.6,180.3,0.629,20.08,0.657,3
25.7923,91.86662,68.0,1350.3,24.5,267.3,8.2,Shillong Quartzite,0.3,114.7,0.449,13.47,1.504,1
25.76504,91.93847,50.34,739.1,39.36,182.1,7.76,Weathered Regolith / Phyllite,87.1,147.3,0.513,16.76,0.814,3
25.68529,91.82272,44.83,539.1,40.31,58.4,7.56,Weathered Regolith / Phyllite,19.3,143.8,0.452,16.3,0.805,3
25.88938,91.86105,56.89,978.2,42.43,207.7,7.76,Shillong Quartzite,50.7,159.3,0.606,18.03,0.709,3
25.77144,91.82739,68.31,1420.4,33.73,328.1,9.05,Shillong Quartzite,22.3,80.4,0.304,10.16,1.172,2
25.70255,91.91965,40.11,324.4,39.25,303.3,8.1,Colluvial Debris,3.0,132.2,0.409,15.29,0.859,3
25.7493,91.91127,47.14,701.8,43.31,211.3,8.19,Granite Gneiss,26.8,135.4,0.459,15.66,0.758,3
25.76182,91.86308,68.15,1377.2,46.75,135.7,7.75,Granite Gneiss,166.7,314.7,0.85,24.0,0.647,3
25.87344,91.90784,45.13,554.3,38.86,31.3,8.14,Shillong Quartzite,1.0,98.6,0.381,11.73,0.97,3
25.84808,91.87147,43.4,554.4,45.62,169.1,7.74,Weathered Regolith / Phyllite,51.6,153.6,0.493,17.42,0.664,3
25.85771,91.91831,57.11,990.4,44.23,270.7,5.62,Weathered Regolith / Phyllite,7.5,80.3,0.324,8.78,0.932,3
25.65298,91.87904,65.86,1263.1,45.23,129.7,9.88,Weathered Regolith / Phyllite,96.0,202.1,0.695,23.43,0.646,3
25.76236,91.8736,54.31,840.1,38.35,84.8,5.89,Granite Gneiss,13.1,125.5,0.469,13.69,0.927,3
25.77996,91.94151,69.84,1472.1,29.97,335.3,7.83,Weathered Regolith / Phyllite,64.1,131.6,0.505,15.12,1.163,2
25.65518,91.85261,60.38,1143.5,47.78,295.8,6.07,Shillong Quartzite,19.7,53.6,0.38,6.12,0.945,3
25.72015,91.83566,42.22,461.3,31.51,229.8,6.61,Weathered Regolith / Phyllite,16.6,52.3,0.376,6.2,1.381,1
25.85528,91.89599,69.78,1495.3,41.06,49.2,8.47,Weathered Regolith / Phyllite,47.7,100.4,0.365,12.06,0.907,3
25.68702,91.94601,52.24,829.7,47.07,52.2,7.3,Weathered Regolith / Phyllite,1.4,84.5,0.376,9.9,0.85,3
25.79453,91.86912,48.62,754.9,38.19,37.2,8.59,Shillong Quartzite,2.5,95.7,0.422,11.61,0.992,2
25.7081,91.82806,56.74,947.5,49.57,221.9,6.74,Weathered Regolith / Phyllite,0.6,93.4,0.39,10.62,0.792,3
25.65327,91.86411,49.13,676.3,36.75,41.6,7.14,Shillong Quartzite,180.0,286.4,0.783,24.0,0.673,3
25.71512,91.88577,42.59,470.2,42.87,303.3,6.9,Shillong Quartzite,20.9,178.3,0.466,19.71,0.653,3
25.91349,91.84105,40.04,385.5,37.72,357.5,8.12,Granite Gneiss,58.5,125.5,0.51,14.58,0.918,3
25.86642,91.90555,53.49,918.1,42.96,131.9,8.46,Granite Gneiss,19.3,119.2,0.516,14.05,0.81,3
25.90909,91.94971,65.11,1290.4,33.2,163.3,7.87,Granite Gneiss,7.0,44.7,0.308,5.9,1.322,1
25.78172,91.87873,57.17,970.6,43.91,256.2,7.28,Shillong Quartzite,45.8,131.1,0.467,14.84,0.769,3
25.67963,91.86611,69.98,1449.6,38.42,337.4,9.37,Weathered Regolith / Phyllite,9.8,91.0,0.358,11.41,0.991,2
25.79795,91.87209,48.61,684.1,44.85,321.9,6.24,Colluvial Debris,76.8,118.6,0.446,13.1,0.8,3
25.77268,91.83497,48.41,662.3,34.73,20.7,7.9,Weathered Regolith / Phyllite,8.1,39.4,0.32,5.34,1.282,1
25.87798,91.93483,44.79,564.5,46.55,60.9,7.27,Weathered Regolith / Phyllite,5.1,130.2,0.488,14.74,0.723,3
25.67648,91.87393,44.92,564.6,31.49,271.7,6.62,Weathered Regolith / Phyllite,19.0,82.5,0.274,9.41,1.281,1
25.78183,91.87035,48.56,668.8,50.89,248.0,6.68,Shillong Quartzite,1.5,108.1,0.482,12.16,0.73,3
25.69051,91.90576,63.79,1201.4,39.38,48.0,5.8,Weathered Regolith / Phyllite,159.7,231.6,0.717,24.0,0.658,3
25.73766,91.87746,67.17,1383.6,39.48,180.7,8.8,Granite Gneiss,19.2,149.5,0.466,17.4,0.793,3
25.84909,91.90427,69.25,1440.8,36.08,281.1,8.16,Shillong Quartzite,6.8,69.9,0.357,8.69,1.138,2
25.77852,91.82799,46.97,681.7,40.43,78.8,8.55,Shillong Quartzite,0.3,98.8,0.406,11.92,0.926,3
25.75149,91.92578,66.44,1314.0,32.87,313.7,8.06,Weathered Regolith / Phyllite,9.8,77.7,0.359,9.48,1.225,2
25.75651,91.94227,49.85,701.2,41.99,19.1,7.92,Shillong Quartzite,18.2,151.2,0.472,17.23,0.741,3
25.77405,91.90434,43.39,495.5,39.46,281.6,8.27,Weathered Regolith / Phyllite,14.0,84.0,0.354,10.24,0.998,2
25.86195,91.94409,66.1,1354.6,41.75,221.7,8.84,Weathered Regolith / Phyllite,4.1,103.3,0.343,12.51,0.879,3
25.89086,91.83969,59.08,1003.9,37.06,113.5,6.37,Weathered Regolith / Phyllite,24.3,94.0,0.436,10.53,1.054,2
25.90794,91.88206,44.94,630.8,45.68,259.5,7.07,Granite Gneiss,34.7,152.4,0.481,17.02,0.674,3
25.86246,91.89823,52.89,806.9,51.56,281.7,7.87,Shillong Quartzite,31.5,122.7,0.495,14.19,0.663,3
25.73516,91.89563,48.62,732.8,40.49,336.2,9.16,Shillong Quartzite,14.0,109.9,0.446,13.35,0.884,3
25.8358,91.87219,62.1,1132.8,43.21,132.4,9.28,Shillong Quartzite,4.1,93.3,0.369,11.62,0.873,3
25.76815,91.86395,53.6,852.3,35.94,247.0,8.24,Shillong Quartzite,19.4,92.8,0.354,11.15,1.07,2
25.71876,91.83649,69.68,1356.4,38.73,216.9,6.82,Weathered Regolith / Phyllite,61.9,202.0,0.633,22.19,0.674,3
25.87704,91.87093,41.64,531.6,39.46,189.1,6.44,Weathered Regolith / Phyllite,17.7,84.0,0.408,9.51,1.018,2
25.66038,91.84115,50.65,795.8,47.73,320.5,8.83,Colluvial Debris,6.1,140.3,0.521,16.44,0.656,3
25.89348,91.91547,54.46,931.3,39.31,1.1,7.59,Shillong Quartzite,2.7,97.1,0.416,11.36,0.969,3
25.7746,91.84715,55.09,908.6,28.68,101.6,7.21,Shillong Quartzite,80.7,125.3,0.449,14.2,1.25,1
25.82204,91.82761,49.48,694.5,35.85,193.8,9.18,Shillong Quartzite,38.0,101.4,0.436,12.44,1.034,2
25.82803,91.89181,61.88,1196.8,53.2,64.2,5.88,Granite Gneiss,10.5,139.0,0.424,15.11,0.673,3
25.89168,91.89738,66.24,1270.4,46.04,326.8,8.12,Shillong Quartzite,9.8,94.7,0.398,11.3,0.828,3
25.8219,91.93335,68.16,1379.0,28.94,233.1,8.48,Weathered Regolith / Phyllite,63.2,149.1,0.508,17.23,1.138,3
25.81576,91.89501,64.15,1195.3,46.21,172.0,6.02,Colluvial Debris,5.5,87.5,0.324,9.7,0.87,3
25.668,91.86491,65.52,1298.1,34.98,293.3,7.48,Weathered Regolith / Phyllite,21.4,106.5,0.4,12.3,1.066,2
25.78997,91.92439,56.52,901.4,47.23,162.3,6.33,Weathered Regolith / Phyllite,35.0,123.3,0.519,13.64,0.743,3
25.69055,91.89024,64.78,1208.0,45.97,201.1,7.8,Weathered Regolith / Phyllite,14.1,113.9,0.453,13.22,0.776,3
25.84911,91.83031,49.11,684.3,39.11,1.0,7.71,Granite Gneiss,1.1,97.3,0.432,11.43,0.973,3
25.7883,91.89356,51.95,843.0,49.03,131.7,5.21,Granite Gneiss,7.2,102.4,0.388,10.97,0.79,3
25.83366,91.93804,49.51,711.5,40.57,50.0,9.31,Granite Gneiss,65.0,121.5,0.38,14.64,0.846,3
25.66125,91.87152,54.02,930.1,38.42,248.3,7.38,Colluvial Debris,20.7,120.4,0.505,13.75,0.924,3
25.67289,91.85852,48.57,759.9,42.13,172.4,6.95,Weathered Regolith / Phyllite,47.3,137.7,0.454,15.41,0.789,3
25.84341,91.83865,68.85,1397.3,42.89,108.6,6.79,Shillong Quartzite,22.7,84.8,0.353,9.72,0.933,3
25.66946,91.83969,49.39,669.3,46.32,168.4,6.4,Shillong Quartzite,80.5,116.7,0.383,12.96,0.777,3
25.66924,91.87626,42.94,541.6,37.2,75.5,10.06,Colluvial Debris,208.8,283.8,0.85,24.0,0.67,3
25.65327,91.89744,55.8,891.5,33.41,333.0,7.4,Weathered Regolith / Phyllite,18.5,83.4,0.377,9.82,1.194,2
25.90826,91.83048,41.71,423.8,49.88,19.4,7.14,Colluvial Debris,10.7,80.6,0.352,9.42,0.821,3
25.84913,91.94214,43.32,448.0,46.21,311.6,8.54,Weathered Regolith / Phyllite,25.8,145.1,0.524,16.83,0.67,3
25.74538,91.91817,46.58,668.9,41.71,184.1,8.04,Granite Gneiss,31.5,124.9,0.44,14.49,0.824,3
25.73006,91.89626,53.93,910.5,35.04,222.8,7.56,Shillong Quartzite,19.3,162.6,0.513,18.3,0.885,3
25.74442,91.9277,53.0,919.6,42.39,108.9,8.78,Granite Gneiss,181.4,244.4,0.67,24.0,0.648,3
25.85916,91.83042,63.99,1222.0,39.56,348.0,8.4,Weathered Regolith / Phyllite,5.7,88.9,0.323,10.8,0.979,3
25.82857,91.88199,62.18,1143.5,43.58,101.5,6.79,Weathered Regolith / Phyllite,11.4,76.5,0.391,8.85,0.943,3
25.7,91.90191,52.79,826.6,36.32,212.0,8.24,Weathered Regolith / Phyllite,151.3,238.7,0.756,24.0,0.681,3
25.69701,91.92772,50.01,697.1,43.61,357.6,8.84,Shillong Quartzite,7.9,105.0,0.343,12.69,0.835,3
25.67657,91.92185,49.49,789.4,42.72,317.2,7.64,Shillong Quartzite,153.2,249.8,0.727,24.0,0.648,3
25.82828,91.85602,63.22,1347.8,40.76,193.1,8.31,Colluvial Debris,92.9,208.1,0.642,23.44,0.653,3
25.85638,91.94231,41.56,425.7,39.12,356.5,9.32,Shillong Quartzite,27.5,99.4,0.373,12.29,0.948,3
25.72156,91.83616,40.38,437.2,39.34,252.5,8.25,Weathered Regolith / Phyllite,83.4,155.7,0.49,17.84,0.784,3
25.65566,91.93377,63.87,1229.1,35.54,75.1,6.49,Weathered Regolith / Phyllite,35.9,120.3,0.449,13.38,1.016,3
25.67219,91.94622,54.31,918.7,48.03,146.0,6.7,Weathered Regolith / Phyllite,36.1,106.1,0.386,11.95,0.777,3
25.91132,91.84303,43.93,579.8,45.07,120.4,7.81,Granite Gneiss,25.1,121.2,0.448,14.0,0.77,3
25.72977,91.91387,47.07,601.6,41.82,123.8,7.02,Granite Gneiss,4.3,88.2,0.331,10.18,0.943,3
25.85769,91.82524,67.98,1360.0,47.94,273.8,8.9,Colluvial Debris,20.5,150.8,0.489,17.59,0.649,3
25.81866,91.8727,65.79,1350.6,42.96,210.3,7.38,Weathered Regolith / Phyllite,8.2,143.1,0.484,16.16,0.751,3
25.75312,91.88712,61.29,1165.6,39.71,13.7,7.64,Weathered Regolith / Phyllite,340.2,423.3,0.85,24.0,0.657,3
25.70554,91.89548,54.47,919.4,39.36,315.9,8.28,Weathered Regolith / Phyllite,8.7,80.3,0.403,9.84,1.012,2
25.68277,91.94167,55.61,966.7,41.73,106.8,7.74,Shillong Quartzite,7.3,105.6,0.39,12.31,0.885,3
25.81605,91.90739,69.26,1448.3,48.26,358.9,7.13,Colluvial Debris,27.4,154.3,0.557,17.24,0.65,3
25.85915,91.88257,68.97,1460.4,38.94,343.5,6.2,Weathered Regolith / Phyllite,20.0,87.0,0.252,9.73,1.026,2
25.82385,91.92526,46.46,656.2,43.42,338.6,7.87,Weathered Regolith / Phyllite,0.6,97.1,0.394,11.46,0.873,3
25.79318,91.94357,64.33,1249.6,38.2,292.0,8.81,Granite Gneiss,3.9,109.3,0.337,13.14,0.947,3
25.66133,91.82287,45.92,621.2,38.77,79.4,8.26,Shillong Quartzite,46.7,117.5,0.488,13.78,0.914,3
25.91149,91.94773,46.41,621.5,34.29,191.7,7.63,Weathered Regolith / Phyllite,18.5,114.0,0.512,13.17,1.062,3
25.86565,91.8312,60.28,1080.1,32.31,80.7,6.75,Granite Gneiss,4.4,91.3,0.379,10.4,1.218,2
25.72906,91.92587,52.15,823.2,41.25,93.5,8.53,Weathered Regolith / Phyllite,17.5,94.1,0.456,11.41,0.921,3
25.91459,91.85644,67.95,1373.6,42.14,219.9,9.0,Colluvial Debris,8.2,181.7,0.548,20.91,0.649,3
25.81251,91.83718,42.67,425.5,37.41,14.7,7.53,Weathered Regolith / Phyllite,7.1,58.3,0.347,7.2,1.141,2
25.80725,91.87718,55.35,968.1,45.65,349.0,8.13,Weathered Regolith / Phyllite,88.6,150.9,0.546,17.28,0.668,3
25.85198,91.90371,67.56,1402.2,37.94,330.7,7.58,Weathered Regolith / Phyllite,12.6,93.8,0.38,10.99,1.016,2
25.86918,91.86952,67.12,1371.1,43.18,137.1,7.64,Weathered Regolith / Phyllite,1.3,146.4,0.502,16.61,0.734,3
25.82725,91.82709,44.7,599.7,35.1,185.6,8.81,Shillong Quartzite,98.5,167.8,0.562,19.35,0.852,3
25.68459,91.89793,51.0,777.9,40.4,167.8,6.2,Shillong Quartzite,44.4,112.0,0.435,12.38,0.914,3
25.74133,91.93731,58.57,1029.5,48.32,317.6,7.53,Shillong Quartzite,8.2,128.8,0.477,14.69,0.695,3
25.90058,91.86982,44.78,605.3,39.42,247.9,6.89,Shillong Quartzite,14.7,110.6,0.509,12.51,0.934,3
25.71065,91.84812,69.04,1374.1,36.46,100.1,7.42,Weathered Regolith / Phyllite,55.5,107.9,0.498,12.44,1.016,2
25.75049,91.87754,67.44,1316.7,37.73,160.9,8.19,Weathered Regolith / Phyllite,12.4,95.2,0.423,11.39,1.01,2
25.76666,91.82629,45.01,593.2,35.55,154.4,5.93,Colluvial Debris,143.6,209.3,0.723,22.61,0.743,3
25.76864,91.92666,43.63,544.0,40.74,345.4,7.95,Granite Gneiss,21.4,83.4,0.32,10.04,0.972,3
25.81549,91.92742,42.56,526.9,33.53,63.1,7.35,Weathered Regolith / Phyllite,14.4,81.3,0.392,9.58,1.197,2
25.90463,91.89644,67.28,1286.5,38.43,32.2,8.23,Weathered Regolith / Phyllite,104.0,239.1,0.74,24.0,0.663,3
25.71499,91.8659,45.81,599.4,44.45,317.0,6.39,Shillong Quartzite,18.0,96.0,0.375,10.75,0.873,3
25.68281,91.92397,52.49,791.9,38.5,322.8,8.4,Weathered Regolith / Phyllite,0.6,63.3,0.406,8.09,1.084,2
25.70332,91.89211,53.47,905.5,37.31,313.8,8.21,Shillong Quartzite,47.2,109.5,0.486,12.92,0.978,3
25.88947,91.92737,57.97,1082.3,42.18,184.0,9.21,Shillong Quartzite,3.4,153.2,0.538,17.96,0.716,3
25.82437,91.90209,42.15,495.5,49.49,237.5,8.58,Weathered Regolith / Phyllite,17.5,91.0,0.352,11.11,0.779,3
25.72719,91.92197,46.8,615.8,47.94,202.8,6.84,Weathered Regolith / Phyllite,24.3,109.7,0.36,12.39,0.766,3
25.87031,91.89781,67.94,1348.1,33.82,25.0,6.0,Granite Gneiss,34.2,159.5,0.49,17.35,0.951,3
25.88257,91.87384,67.25,1337.4,45.07,214.5,7.96,Weathered Regolith / Phyllite,14.8,69.5,0.398,8.56,0.922,3
25.87856,91.94453,63.44,1186.7,34.08,4.9,8.22,Weathered Regolith / Phyllite,37.2,121.8,0.437,14.23,1.037,3
25.89811,91.89034,40.58,414.0,47.59,117.0,5.51,Granite Gneiss,3.9,121.6,0.494,13.12,0.751,3
25.71811,91.89866,49.81,713.3,51.42,335.6,6.04,Granite Gneiss,29.7,120.5,0.46,13.21,0.693,3
25.85386,91.84866,58.84,1004.1,44.72,109.5,7.79,Weathered Regolith / Phyllite,49.0,132.2,0.39,15.16,0.744,3
25.77435,91.90133,48.26,704.2,42.92,338.3,8.82,Colluvial Debris,61.7,164.4,0.531,18.99,0.672,3
25.87734,91.89431,67.29,1373.4,39.1,90.0,8.93,Shillong Quartzite,24.3,109.3,0.382,13.18,0.923,3
25.84669,91.84403,59.02,1133.6,42.85,113.2,6.49,Weathered Regolith / Phyllite,10.5,109.3,0.454,12.21,0.864,3
25.85964,91.82775,42.16,458.2,50.91,226.2,7.05,Weathered Regolith / Phyllite,5.0,121.7,0.483,13.75,0.684,3
25.82716,91.89857,67.27,1278.8,39.48,274.2,5.93,Granite Gneiss,11.9,96.6,0.385,10.64,0.986,2
25.69791,91.91928,68.73,1438.3,30.04,180.5,8.03,Weathered Regolith / Phyllite,21.7,116.1,0.497,13.55,1.21,2
25.79716,91.88804,42.33,518.7,41.0,317.6,8.36,Shillong Quartzite,6.1,85.5,0.411,10.43,0.955,3
25.91586,91.84948,55.97,1004.7,42.06,14.5,8.42,Shillong Quartzite,161.7,274.7,0.767,24.0,0.649,3
25.90309,91.90665,49.1,777.4,51.73,332.0,7.33,Shillong Quartzite,63.7,109.5,0.443,12.56,0.707,3
25.66166,91.83041,51.79,871.9,42.5,70.7,6.2,Shillong Quartzite,0.9,114.1,0.399,12.6,0.86,3
25.6945,91.87744,45.39,549.6,45.28,318.3,7.23,Shillong Quartzite,141.5,212.6,0.634,23.48,0.646,3
25.68557,91.84124,57.34,1068.9,51.1,144.3,8.63,Weathered Regolith / Phyllite,43.6,127.0,0.484,14.94,0.66,3
25.84601,91.84398,68.74,1392.8,39.22,299.8,6.95,Weathered Regolith / Phyllite,7.9,72.8,0.342,8.51,1.053,2
25.8708,91.8463,55.09,960.2,40.3,241.8,7.22,Shillong Quartzite,114.1,168.1,0.493,18.75,0.735,3
25.70765,91.87027,42.49,497.4,40.75,63.3,8.35,Granite Gneiss,14.6,83.1,0.379,10.17,0.968,3
25.78658,91.82665,58.6,1012.1,35.5,330.5,8.5,Shillong Quartzite,6.1,140.0,0.475,16.27,0.932,3
25.87699,91.87171,50.21,803.6,48.65,88.4,8.62,Weathered Regolith / Phyllite,26.7,131.1,0.436,15.37,0.671,3
25.84786,91.88652,65.68,1280.5,34.43,87.9,7.64,Colluvial Debris,141.8,271.9,0.734,24.0,0.733,3
25.7964,91.88283,53.04,930.8,35.92,293.1,7.93,Weathered Regolith / Phyllite,12.7,115.1,0.426,13.4,1.004,3
25.80939,91.86976,45.79,572.0,45.73,38.1,7.46,Weathered Regolith / Phyllite,22.5,153.8,0.529,17.32,0.665,3
25.78726,91.92909,45.73,560.5,28.21,79.9,9.44,Weathered Regolith / Phyllite,11.1,92.0,0.373,11.55,1.361,1
25.73034,91.83889,63.06,1180.7,39.86,181.3,8.44,Weathered Regolith / Phyllite,58.7,117.0,0.45,13.81,0.886,3
25.80256,91.88574,47.97,738.7,44.63,299.0,8.46,Shillong Quartzite,207.0,291.6,0.811,24.0,0.646,3
25.836,91.82807,63.02,1142.9,46.79,53.1,6.26,Weathered Regolith / Phyllite,5.5,97.2,0.418,10.83,0.829,3
25.8858,91.82925,46.18,652.7,50.52,197.2,8.13,Weathered Regolith / Phyllite,64.5,145.2,0.493,16.68,0.658,3
25.8218,91.8946,49.65,811.1,25.11,256.0,8.15,Weathered Regolith / Phyllite,4.6,111.7,0.36,13.13,1.479,1
25.8555,91.89358,53.96,882.0,33.05,309.8,5.99,Shillong Quartzite,2.8,83.5,0.316,9.27,1.224,2
25.69322,91.93414,68.3,1374.6,44.75,336.8,5.88,Colluvial Debris,29.6,101.4,0.382,11.13,0.857,3
25.77462,91.89252,67.95,1381.5,37.31,282.5,8.29,Granite Gneiss,13.7,66.8,0.377,8.41,1.108,2
25.65252,91.94477,46.21,572.3,39.77,235.0,7.4,Weathered Regolith / Phyllite,21.2,92.9,0.346,10.83,0.973,3
25.7166,91.82633,50.75,882.1,42.78,156.1,8.65,Shillong Quartzite,29.6,125.9,0.473,14.84,0.792,3
25.84614,91.83274,44.48,583.7,38.22,40.4,8.4,Weathered Regolith / Phyllite,1.5,92.1,0.399,11.15,1.004,2
25.91779,91.82573,55.3,886.7,25.09,255.5,6.3,Weathered Regolith / Phyllite,9.7,89.0,0.327,9.97,1.595,1
25.67678,91.84409,53.82,851.3,46.25,357.4,8.0,Granite Gneiss,17.3,79.9,0.345,9.69,0.87,3
25.7584,91.89037,67.02,1353.0,33.9,265.2,7.0,Shillong Quartzite,8.7,96.8,0.399,11.08,1.138,2
25.86602,91.90392,67.9,1324.7,30.66,6.0,7.88,Weathered Regolith / Phyllite,1.4,57.6,0.296,7.27,1.385,1
25.70509,91.82593,51.51,742.6,48.31,178.7,7.77,Weathered Regolith / Phyllite,2.5,103.7,0.431,12.12,0.768,3
25.79987,91.94298,54.75,928.1,39.66,221.3,8.77,Weathered Regolith / Phyllite,166.5,230.1,0.707,24.0,0.657,3
25.84793,91.92948,66.89,1381.3,50.63,248.3,7.25,Weathered Regolith / Phyllite,67.9,123.7,0.461,14.04,0.68,3
25.81632,91.85856,64.2,1283.7,47.53,259.1,8.29,Shillong Quartzite,4.6,83.3,0.4,10.17,0.835,3
25.70077,91.83003,40.11,401.4,37.55,200.9,8.56,Weathered Regolith / Phyllite,8.0,71.4,0.337,9.01,1.084,2
25.74595,91.84209,49.6,725.1,47.53,80.4,7.25,Colluvial Debris,29.6,113.4,0.434,12.94,0.757,3
25.86162,91.8365,52.65,844.9,46.42,339.2,7.52,Shillong Quartzite,214.0,255.4,0.753,24.0,0.646,3
25.79964,91.83603,46.89,680.9,28.82,250.8,8.67,Granite Gneiss,10.0,117.4,0.394,13.94,1.252,1
25.65141,91.88741,45.99,559.3,38.19,85.3,5.87,Granite Gneiss,54.1,124.8,0.478,13.61,0.934,3
25.85547,91.85196,41.13,408.6,49.51,116.0,8.5,Shillong Quartzite,19.7,128.3,0.438,15.03,0.667,3
25.65953,91.86656,59.3,1060.4,47.85,331.9,8.16,Shillong Quartzite,87.8,216.2,0.647,24.0,0.649,3
25.85135,91.94864,47.88,665.9,48.55,319.5,6.7,Weathered Regolith / Phyllite,4.1,108.5,0.441,12.2,0.762,3
25.70467,91.90896,41.57,452.8,39.11,145.9,9.43,Shillong Quartzite,101.8,198.5,0.635,22.87,0.659,3
25.90868,91.94337,46.93,641.5,44.03,13.8,6.58,Weathered Regolith / Phyllite,16.3,77.8,0.294,8.89,0.933,3
25.74934,91.83853,64.06,1269.0,47.92,17.5,8.65,Weathered Regolith / Phyllite,85.6,282.8,0.746,24.0,0.649,3
25.73827,91.86968,65.54,1223.6,39.33,102.2,7.27,Weathered Regolith / Phyllite,17.2,84.7,0.326,9.91,1.01,2
25.6902,91.89212,54.49,843.2,39.54,226.5,8.43,Granite Gneiss,21.1,78.0,0.36,9.66,1.012,2
25.73251,91.82998,52.48,810.3,42.68,210.3,7.53,Colluvial Debris,45.7,117.0,0.49,13.45,0.833,3
25.8867,91.82054,69.34,1461.3,48.77,228.2,8.04,Weathered Regolith / Phyllite,35.9,154.6,0.501,17.64,0.651,3
25.91901,91.90716,46.02,584.5,50.3,258.2,6.25,Shillong Quartzite,27.1,161.8,0.498,17.69,0.657,3
25.74944,91.90344,46.46,624.5,38.19,6.9,7.13,Colluvial Debris,15.1,71.9,0.301,8.5,1.081,2
25.77112,91.8734,48.76,711.6,41.41,37.8,6.26,Weathered Regolith / Phyllite,44.0,189.3,0.614,20.62,0.658,3
25.84496,91.88365,45.18,594.0,41.06,129.4,8.7,Weathered Regolith / Phyllite,82.9,200.0,0.663,22.73,0.652,3
25.88927,91.87401,51.38,860.9,42.8,55.7,7.06,Weathered Regolith / Phyllite,0.3,121.5,0.488,13.74,0.822,3
25.81012,91.82312,67.33,1384.2,40.0,27.1,8.24,Colluvial Debris,24.8,135.5,0.451,15.69,0.829,3
25.75571,91.8636,58.46,1086.0,34.26,230.7,8.79,Weathered Regolith / Phyllite,56.3,137.2,0.421,16.1,0.975,3
25.76141,91.84302,52.36,827.5,42.37,293.5,8.79,Weathered Regolith / Phyllite,29.6,83.2,0.366,10.36,0.926,3
25.83782,91.8328,68.03,1440.1,46.86,270.9,6.11,Shillong Quartzite,45.2,119.9,0.503,13.19,0.761,3
25.65087,91.94437,41.45,453.8,33.78,294.1,9.07,Granite Gneiss,63.1,134.7,0.494,15.94,0.996,3
25.81729,91.89792,46.31,542.6,30.04,239.7,7.17,Colluvial Debris,38.9,202.2,0.57,22.35,0.927,3
25.74598,91.91473,56.98,1092.5,44.05,264.7,8.2,Weathered Regolith / Phyllite,35.3,133.0,0.47,15.42,0.75,3
25.86443,91.861,58.47,1048.2,47.54,97.8,8.06,Colluvial Debris,93.7,166.3,0.505,18.89,0.648,3
25.67511,91.87111,41.19,462.7,45.55,357.5,5.38,Weathered Regolith / Phyllite,55.8,174.1,0.576,18.65,0.646,3
25.80881,91.8508,52.09,780.4,37.39,65.9,6.98,Weathered Regolith / Phyllite,47.3,104.8,0.409,11.93,1.004,2
25.77986,91.83261,59.47,1169.5,43.52,77.2,7.6,Colluvial Debris,2.5,127.6,0.45,14.59,0.783,3
25.82343,91.84327,60.94,1101.2,31.41,104.0,7.85,Shillong Quartzite,7.6,89.9,0.353,10.69,1.244,2
25.66751,91.92368,59.14,1054.6,46.36,351.1,8.73,Weathered Regolith / Phyllite,22.8,109.1,0.437,13.09,0.773,3
25.8066,91.90808,49.62,675.4,31.77,355.8,7.66,Shillong Quartzite,34.6,114.1,0.479,13.19,1.152,2
25.8016,91.8911,42.81,512.8,27.72,286.2,9.51,Granite Gneiss,10.1,171.9,0.623,20.07,1.097,3
25.80138,91.88176,52.81,837.2,30.03,226.5,8.01,Granite Gneiss,2.7,75.4,0.362,9.22,1.351,1
25.81294,91.93992,43.86,473.4,48.9,187.2,8.92,Colluvial Debris,10.4,98.0,0.446,11.98,0.763,3
25.83265,91.82946,68.43,1392.3,50.83,349.4,7.97,Shillong Quartzite,41.3,123.1,0.41,14.27,0.67,3
25.86735,91.85648,54.26,902.7,49.46,250.4,8.28,Colluvial Debris,119.3,184.1,0.572,20.88,0.653,3
25.72285,91.86549,49.52,723.2,50.55,340.1,5.97,Shillong Quartzite,68.3,144.2,0.459,15.71,0.658,3
25.87276,91.92172,62.99,1131.8,28.56,114.0,8.39,Shillong Quartzite,13.3,86.3,0.35,10.52,1.378,1
25.78453,91.94903,54.94,934.5,47.4,120.2,6.29,Granite Gneiss,13.1,153.8,0.477,16.85,0.649,3
25.67081,91.85129,49.3,674.8,40.66,307.7,7.14,Weathered Regolith / Phyllite,14.6,139.4,0.552,15.66,0.815,3
25.66581,91.93366,64.36,1288.1,38.33,53.9,8.11,Weathered Regolith / Phyllite,13.2,109.3,0.405,12.86,0.952,3
25.74024,91.92798,66.01,1288.3,41.53,340.5,8.26,Weathered Regolith / Phyllite,30.7,150.7,0.506,17.32,0.748,3
25.86192,91.84921,60.19,1143.8,47.66,182.7,5.61,Shillong Quartzite,12.4,105.4,0.35,11.45,0.797,3
25.84107,91.87191,41.41,449.9,34.09,333.5,8.04,Weathered Regolith / Phyllite,0.6,63.3,0.239,7.95,1.226,2
25.86293,91.87326,56.99,997.3,52.34,121.2,7.47,Weathered Regolith / Phyllite,126.1,239.0,0.774,24.0,0.667,3
25.78966,91.94717,62.9,1252.5,35.87,257.7,6.33,Weathered Regolith / Phyllite,7.1,106.0,0.404,11.79,1.053,2
25.76885,91.84352,44.1,510.7,53.69,173.8,7.26,Weathered Regolith / Phyllite,0.8,99.9,0.491,11.52,0.715,3
25.68981,91.92389,46.86,596.3,43.52,225.6,8.16,Granite Gneiss,17.8,64.3,0.316,8.1,0.965,3
25.73861,91.86345,66.47,1348.8,37.92,181.6,6.07,Weathered Regolith / Phyllite,6.5,106.4,0.364,11.74,0.995,2
25.76719,91.91501,40.6,368.6,37.52,348.2,8.5,Weathered Regolith / Phyllite,16.9,133.4,0.474,15.58,0.895,3
25.67392,91.8746,62.58,1158.4,38.63,249.2,7.99,Shillong Quartzite,9.1,179.1,0.577,20.22,0.733,3
25.70957,91.89519,54.21,834.3,49.59,90.5,8.29,Granite Gneiss,25.9,148.5,0.512,17.09,0.654,3
25.81152,91.92824,53.4,915.2,45.87,327.5,6.67,Weathered Regolith / Phyllite,131.5,241.8,0.709,24.0,0.646,3
25.84863,91.92454,40.21,367.3,40.61,105.9,8.6,Weathered Regolith / Phyllite,22.2,143.2,0.435,16.66,0.788,3
25.91955,91.93264,64.58,1234.2,29.41,133.8,6.68,Colluvial Debris,29.1,113.2,0.368,12.7,1.266,1
25.90194,91.82775,50.79,726.2,44.34,36.8,7.33,Weathered Regolith / Phyllite,70.5,145.6,0.547,16.41,0.717,3
25.82349,91.90997,56.22,952.4,46.06,324.0,6.59,Colluvial Debris,13.1,103.0,0.485,11.58,0.82,3
25.76374,91.8382,60.32,1105.4,44.39,103.0,8.62,Weathered Regolith / Phyllite,5.1,89.3,0.365,10.94,0.869,3
25.82177,91.87406,61.08,1170.8,37.11,93.2,8.37,Weathered Regolith / Phyllite,9.3,81.3,0.286,9.99,1.069,2
25.86213,91.89132,68.68,1350.9,50.73,331.3,5.38,Weathered Regolith / Phyllite,14.4,82.2,0.409,8.89,0.825,3
25.68195,91.87236,55.94,933.9,43.43,290.0,5.47,Weathered Regolith / Phyllite,29.0,105.2,0.378,11.37,0.875,3
25.76067,91.88755,51.99,876.6,34.18,50.8,7.35,Colluvial Debris,0.1,86.8,0.385,10.17,1.156,2
25.87675,91.94955,68.61,1443.0,36.11,277.0,6.69,Colluvial Debris,53.8,164.5,0.521,18.15,0.859,3
25.75363,91.83758,59.26,1047.1,37.69,328.7,8.15,Colluvial Debris,105.3,174.8,0.545,19.83,0.767,3
25.80441,91.90781,48.94,711.1,36.93,28.3,8.27,Colluvial Debris,64.7,131.4,0.434,15.26,0.92,3
25.8087,91.87148,43.79,611.5,32.81,297.1,9.34,Granite Gneiss,83.6,193.5,0.662,22.3,0.833,3
25.69981,91.83729,65.28,1236.9,48.23,197.1,8.85,Shillong Quartzite,129.2,181.1,0.597,20.78,0.65,3
25.7478,91.84064,50.87,703.4,34.16,240.9,8.36,Granite Gneiss,46.4,119.2,0.456,14.01,1.041,3
25.74032,91.94341,59.81,1072.0,40.67,177.4,5.52,Weathered Regolith / Phyllite,4.3,80.8,0.359,8.8,1.009,2
25.65707,91.93435,54.12,891.0,42.96,251.2,7.25,Weathered Regolith / Phyllite,164.9,299.9,0.85,24.0,0.647,3
25.65653,91.93792,45.97,576.8,39.67,12.3,7.79,Shillong Quartzite,6.4,72.6,0.292,8.83,1.032,2
25.87456,91.9489,58.05,1070.8,43.65,274.6,7.61,Colluvial Debris,63.7,143.9,0.517,16.33,0.732,3
25.72373,91.84708,41.82,472.1,45.71,12.0,7.8,Shillong Quartzite,10.7,92.0,0.431,10.89,0.845,3
25.78988,91.86621,52.4,809.8,27.82,163.9,9.66,Granite Gneiss,11.1,96.0,0.4,12.06,1.364,1
25.73066,91.907,56.4,952.4,35.73,54.3,8.96,Shillong Quartzite,69.9,137.4,0.517,16.18,0.928,3
25.90398,91.88289,53.08,828.0,49.18,296.5,6.04,Granite Gneiss,0.4,112.3,0.411,12.35,0.748,3
25.72001,91.87439,62.46,1219.3,26.88,112.9,7.56,Colluvial Debris,104.3,158.1,0.544,17.82,1.214,2
25.76601,91.86652,64.84,1250.4,44.19,163.5,8.48,Weathered Regolith / Phyllite,15.3,93.0,0.369,11.28,0.863,3
25.88564,91.89719,63.14,1162.1,50.98,154.4,8.21,Colluvial Debris,33.8,112.5,0.362,13.24,0.698,3
25.87732,91.89483,41.16,479.2,29.11,278.1,7.5,Shillong Quartzite,29.2,132.2,0.461,15.04,1.203,2
25.70025,91.84099,45.82,592.8,35.99,173.2,8.47,Shillong Quartzite,31.0,118.2,0.485,13.95,0.986,3
25.86671,91.88133,56.1,909.0,47.36,284.0,7.92,Colluvial Debris,59.4,234.0,0.641,24.0,0.648,3
25.77371,91.89195,68.04,1450.1,34.35,26.5,7.88,Weathered Regolith / Phyllite,3.6,104.8,0.476,12.29,1.087,2
25.7804,91.89414,65.05,1301.1,37.34,69.0,6.91,Weathered Regolith / Phyllite,20.7,127.9,0.439,14.35,0.935,3
25.68604,91.84731,65.28,1286.5,44.18,198.6,8.67,Shillong Quartzite,36.2,176.8,0.591,20.25,0.646,3
25.67176,91.9165,49.1,709.9,40.14,341.0,8.19,Weathered Regolith / Phyllite,28.3,113.5,0.49,13.33,0.893,3
25.84654,91.82328,52.88,839.7,35.26,26.9,6.84,Shillong Quartzite,16.7,123.0,0.524,13.8,1.012,3
25.78404,91.86613,54.12,882.2,40.64,15.5,8.24,Weathered Regolith / Phyllite,0.5,90.8,0.444,10.94,0.949,3
25.76795,91.92143,44.72,554.3,29.72,56.4,8.74,Colluvial Debris,1.7,68.2,0.3,8.75,1.381,1
25.84697,91.89331,40.93,409.0,26.39,230.8,9.34,Weathered Regolith / Phyllite,161.2,271.4,0.823,24.0,1.021,3
25.85669,91.85395,68.41,1390.1,42.54,143.6,6.81,Shillong Quartzite,11.8,175.8,0.543,19.4,0.668,3
25.69291,91.91034,47.22,628.4,41.25,297.2,9.47,Colluvial Debris,3.5,89.0,0.338,11.25,0.926,3
25.81476,91.89376,47.2,660.9,26.18,25.9,7.13,Colluvial Debris,15.5,122.8,0.427,13.9,1.388,1
25.68655,91.92351,42.5,486.6,34.92,70.7,8.18,Granite Gneiss,5.5,110.3,0.473,13.0,1.047,3
25.85287,91.91555,67.86,1346.9,30.47,108.0,8.49,Shillong Quartzite,42.3,114.1,0.412,13.52,1.193,2
25.82738,91.89931,57.39,1005.3,48.04,225.6,7.24,Weathered Regolith / Phyllite,184.5,288.2,0.783,24.0,0.649,3
25.90829,91.88346,60.01,1122.1,28.14,246.7,8.13,Weathered Regolith / Phyllite,13.8,86.5,0.434,10.45,1.402,1
25.66862,91.83731,67.35,1266.9,44.41,44.7,8.68,Weathered Regolith / Phyllite,20.1,145.1,0.494,16.89,0.702,3
25.6654,91.85397,50.37,786.0,41.14,339.8,8.07,Granite Gneiss,85.9,134.2,0.501,15.49,0.809,3
25.72619,91.87448,58.65,1003.5,45.46,122.8,7.54,Weathered Regolith / Phyllite,21.5,178.0,0.534,19.93,0.646,3
25.72066,91.89791,41.16,422.4,41.09,256.7,6.43,Shillong Quartzite,148.8,224.4,0.658,24.0,0.652,3
25.71668,91.88678,45.6,482.9,34.17,188.7,5.77,Weathered Regolith / Phyllite,4.3,74.2,0.335,8.19,1.216,2
25.89469,91.85746,64.94,1295.4,50.2,80.2,6.1,Shillong Quartzite,55.5,170.7,0.532,18.57,0.656,3
25.71738,91.82084,63.0,1175.5,36.02,304.6,9.31,Shillong Quartzite,19.3,69.5,0.33,9.1,1.127,2
25.72343,91.88451,50.52,748.2,40.22,294.6,8.41,Granite Gneiss,0.6,81.2,0.323,10.0,0.985,2
25.85504,91.85713,51.3,799.3,35.68,142.6,9.41,Weathered Regolith / Phyllite,100.3,200.3,0.618,23.04,0.727,3
25.77143,91.9155,56.01,881.4,43.69,211.9,5.72,Weathered Regolith / Phyllite,93.9,152.2,0.56,16.46,0.728,3
25.85971,91.82311,40.01,402.7,28.88,92.8,8.62,Weathered Regolith / Phyllite,13.5,150.5,0.444,17.44,1.134,3
25.66765,91.89603,47.24,679.2,39.32,248.3,5.95,Weathered Regolith / Phyllite,86.3,194.8,0.603,21.08,0.692,3
25.78164,91.94239,46.25,625.6,44.8,111.2,8.3,Shillong Quartzite,130.2,167.4,0.529,19.11,0.646,3
25.65908,91.84267,47.51,647.3,34.84,303.9,7.61,Weathered Regolith / Phyllite,31.9,114.6,0.409,13.22,1.043,3
25.66692,91.88131,64.18,1247.8,40.83,78.3,6.26,Weathered Regolith / Phyllite,157.9,286.0,0.85,24.0,0.652,3
25.89474,91.83188,48.39,690.6,48.3,5.3,7.62,Colluvial Debris,7.9,86.8,0.429,10.27,0.82,3
25.6876,91.90134,45.75,631.4,22.8,96.7,7.8,Shillong Quartzite,42.3,129.3,0.445,14.86,1.567,1
25.79375,91.89157,55.13,979.7,43.13,68.8,8.04,Weathered Regolith / Phyllite,13.3,95.6,0.336,11.38,0.882,3
25.761,91.87296,65.97,1292.5,46.42,183.0,7.92,Weathered Regolith / Phyllite,0.2,92.5,0.444,10.99,0.83,3
25.74378,91.88778,47.24,662.7,29.97,73.3,8.64,Weathered Regolith / Phyllite,15.0,103.5,0.424,12.45,1.249,2
25.89296,91.93655,42.36,455.8,39.2,274.7,9.63,Shillong Quartzite,7.2,116.7,0.391,14.26,0.889,3
25.65589,91.84552,50.69,790.9,34.34,86.9,7.64,Shillong Quartzite,32.2,96.0,0.355,11.26,1.118,2
25.82922,91.82293,62.43,1203.4,46.19,254.5,7.43,Shillong Quartzite,6.1,82.2,0.365,9.71,0.87,3
25.91012,91.93202,56.52,971.6,34.07,208.2,8.75,Weathered Regolith / Phyllite,51.7,121.7,0.518,14.43,1.032,3
25.80125,91.89503,64.5,1278.4,42.99,355.0,7.84,Shillong Quartzite,8.7,99.9,0.385,11.75,0.874,3
25.90294,91.93579,68.79,1407.7,42.17,360.0,5.79,Weathered Regolith / Phyllite,14.0,79.5,0.373,8.77,0.975,3
25.66411,91.8976,63.78,1230.4,43.45,313.0,8.54,Shillong Quartzite,169.4,219.0,0.638,24.0,0.647,3
25.76307,91.92532,58.11,998.8,44.95,273.6,5.81,Granite Gneiss,28.9,108.6,0.438,11.87,0.832,3
25.72024,91.87586,54.8,924.9,39.63,139.1,6.69,Weathered Regolith / Phyllite,3.0,64.9,0.258,7.57,1.069,2
25.84732,91.91748,41.2,419.0,40.95,271.2,6.29,Weathered Regolith / Phyllite,18.2,154.8,0.546,16.97,0.771,3
25.91495,91.9387,69.53,1468.3,44.31,344.4,6.02,Colluvial Debris,11.4,99.5,0.409,10.98,0.869,3
25.71926,91.89438,51.5,768.9,44.24,8.4,5.61,Weathered Regolith / Phyllite,60.3,133.1,0.44,14.38,0.775,3
25.82663,91.8435,44.57,570.6,46.65,193.6,5.78,Weathered Regolith / Phyllite,2.1,52.6,0.162,5.9,0.969,3
25.70349,91.85494,60.0,1089.6,34.98,78.5,7.77,Granite Gneiss,49.6,175.8,0.632,19.79,0.843,3
25.80264,91.84582,48.53,709.2,41.12,200.8,6.97,Shillong Quartzite,5.1,99.0,0.328,11.31,0.927,3
25.77526,91.85209,57.57,1012.7,31.35,167.9,6.78,Granite Gneiss,2.6,77.5,0.401,8.94,1.302,1
25.91244,91.85983,57.6,983.4,46.6,207.3,7.91,Weathered Regolith / Phyllite,6.3,72.7,0.307,8.89,0.886,3
25.8143,91.89217,53.37,911.8,33.33,198.3,7.15,Weathered Regolith / Phyllite,3.0,99.5,0.414,11.44,1.148,2
25.74437,91.89644,65.08,1242.4,46.2,345.6,5.47,Weathered Regolith / Phyllite,20.6,124.2,0.478,13.39,0.767,3
25.68081,91.87544,47.95,703.9,40.1,198.8,7.52,Shillong Quartzite,124.3,165.0,0.609,18.54,0.746,3
25.69084,91.9,53.46,803.1,44.69,304.6,7.04,Weathered Regolith / Phyllite,1.0,199.8,0.576,22.05,0.646,3
25.71084,91.8306,56.13,953.0,49.13,115.1,6.91,Shillong Quartzite,17.3,93.8,0.385,10.73,0.795,3
25.71776,91.83141,59.91,1158.0,41.78,157.7,7.54,Weathered Regolith / Phyllite,13.7,113.5,0.391,13.07,0.863,3
25.87967,91.84234,63.52,1212.2,39.17,169.3,8.2,Weathered Regolith / Phyllite,91.4,157.1,0.484,17.97,0.784,3
25.80153,91.88735,51.84,818.4,42.49,100.3,7.95,Weathered Regolith / Phyllite,11.3,89.7,0.381,10.71,0.914,3
25.79132,91.84782,59.38,1142.5,44.0,136.7,8.91,Colluvial Debris,204.2,290.7,0.85,24.0,0.646,3
25.68099,91.85683,44.52,552.4,38.86,215.5,7.83,Colluvial Debris,0.5,199.7,0.719,22.35,0.666,3
25.88224,91.87204,67.98,1389.6,48.9,208.9,7.36,Colluvial Debris,41.8,146.3,0.493,16.49,0.652,3
25.84516,91.92554,51.49,826.4,45.67,229.1,6.66,Weathered Regolith / Phyllite,8.2,136.6,0.478,15.18,0.726,3
25.66827,91.8218,61.89,1110.8,33.65,126.7,8.63,Weathered Regolith / Phyllite,13.5,127.2,0.46,14.96,1.029,3
25.84112,91.90442,40.61,401.9,46.73,113.7,6.3,Weathered Regolith / Phyllite,15.3,103.0,0.413,11.46,0.812,3
25.79676,91.90695,46.16,620.6,28.69,220.2,8.15,Shillong Quartzite,86.4,132.4,0.481,15.32,1.212,2
25.67207,91.92383,54.61,847.6,36.28,47.8,7.67,Weathered Regolith / Phyllite,2.8,80.1,0.31,9.57,1.106,2
25.77374,91.94126,66.35,1377.0,43.57,91.1,8.02,Weathered Regolith / Phyllite,3.4,111.0,0.314,13.0,0.827,3
25.78087,91.82262,55.82,983.9,31.43,15.2,9.26,Weathered Regolith / Phyllite,9.9,76.5,0.338,9.83,1.27,1
25.69476,91.83999,67.9,1400.7,40.45,26.1,9.09,Shillong Quartzite,48.3,119.8,0.522,14.36,0.856,3
25.90534,91.9352,54.51,960.8,45.5,87.6,6.47,Weathered Regolith / Phyllite,4.0,83.1,0.366,9.42,0.891,3
25.87949,91.87961,54.71,943.9,45.28,7.0,6.86,Weathered Regolith / Phyllite,38.0,141.8,0.487,15.81,0.716,3
25.83064,91.8934,43.59,516.5,39.57,88.3,8.57,Weathered Regolith / Phyllite,9.5,106.9,0.414,12.79,0.922,3
25.77482,91.90619,64.08,1177.5,43.19,235.8,7.68,Weathered Regolith / Phyllite,60.2,98.7,0.369,11.56,0.875,3
25.76118,91.90828,47.41,632.1,50.0,22.0,7.27,Shillong Quartzite,15.7,58.5,0.305,7.12,0.885,3
25.82576,91.94113,66.99,1318.5,35.82,157.2,8.43,Granite Gneiss,5.3,125.9,0.459,14.75,0.967,3
25.79727,91.9496,67.32,1381.1,46.65,328.7,7.77,Weathered Regolith / Phyllite,119.2,196.7,0.614,22.01,0.647,3
25.66681,91.91362,68.3,1393.7,40.17,284.9,9.28,Granite Gneiss,5.4,155.1,0.526,18.19,0.754,3
25.78838,91.85734,55.61,883.6,43.34,110.0,7.84,Weathered Regolith / Phyllite,23.5,99.4,0.403,11.7,0.868,3
25.86773,91.93437,60.31,1145.6,49.61,332.9,7.32,Weathered Regolith / Phyllite,23.6,172.8,0.558,19.29,0.654,3
25.77399,91.8264,63.36,1270.6,34.44,118.7,8.05,Shillong Quartzite,13.1,99.6,0.445,11.81,1.098,2
25.66403,91.85004,43.93,596.6,39.25,26.1,8.58,Colluvial Debris,84.7,180.0,0.652,20.55,0.708,3
25.8623,91.93666,58.03,985.8,42.44,357.9,7.94,Shillong Quartzite,52.0,124.9,0.387,14.44,0.81,3
25.70437,91.8533,41.03,448.9,32.01,313.2,8.41,Weathered Regolith / Phyllite,49.6,97.7,0.373,11.74,1.188,2
25.71983,91.84868,54.93,882.2,28.5,167.7,9.73,Shillong Quartzite,102.4,168.7,0.462,19.81,1.071,3
25.69447,91.83796,44.65,640.2,46.73,239.9,7.81,Weathered Regolith / Phyllite,17.1,113.8,0.45,13.21,0.763,3
25.73916,91.93168,45.49,593.3,39.18,241.6,7.45,Shillong Quartzite,2.9,59.8,0.361,7.33,1.088,2
25.85432,91.88501,50.95,768.5,48.32,70.0,7.94,Weathered Regolith / Phyllite,40.6,110.8,0.428,12.95,0.745,3
25.79023,91.90774,52.97,831.9,43.5,72.0,8.02,Shillong Quartzite,13.4,85.9,0.374,10.34,0.903,3
25.70532,91.85108,58.7,1067.7,35.4,169.0,5.8,Weathered Regolith / Phyllite,5.9,128.8,0.44,14.01,1.002,3
25.88701,91.91855,42.23,498.8,36.06,328.2,7.8,Granite Gneiss,18.5,117.4,0.446,13.6,0.994,3
25.88749,91.9188,55.11,863.0,37.64,3.6,8.45,Shillong Quartzite,72.8,177.3,0.567,20.22,0.757,3
25.88506,91.86064,45.48,647.6,35.23,281.7,7.91,Weathered Regolith / Phyllite,5.3,92.0,0.426,10.94,1.098,2
25.71447,91.87339,57.22,1021.5,41.18,20.7,8.42,Colluvial Debris,158.6,273.5,0.85,24.0,0.651,3
25.77183,91.84726,59.12,1124.8,27.69,172.2,8.08,Shillong Quartzite,15.2,115.8,0.497,13.54,1.32,1
25.91595,91.94695,56.7,1053.0,45.18,229.6,9.25,Weathered Regolith / Phyllite,4.1,122.5,0.54,14.71,0.748,3
25.85844,91.90393,62.15,1171.2,50.19,247.2,6.79,Weathered Regolith / Phyllite,52.8,138.0,0.51,15.37,0.656,3
25.65734,91.94149,50.07,786.7,44.63,21.1,6.1,Shillong Quartzite,97.8,230.8,0.701,24.0,0.646,3
25.66761,91.85944,62.95,1180.3,43.05,150.7,7.45,Weathered Regolith / Phyllite,9.6,80.6,0.357,9.54,0.934,3
25.77526,91.92165,52.98,835.7,32.4,210.2,8.13,Colluvial Debris,10.1,58.7,0.324,7.49,1.304,1
25.89549,91.91956,54.53,971.3,40.6,23.8,7.3,Weathered Regolith / Phyllite,13.9,77.7,0.364,9.17,1.0,2
25.79545,91.90992,59.44,1050.9,42.5,48.6,6.88,Weathered Regolith / Phyllite,47.1,119.7,0.496,13.47,0.836,3
25.78441,91.94553,40.55,427.1,41.27,238.9,8.13,Colluvial Debris,0.3,69.4,0.326,8.63,0.999,2
25.67848,91.87116,59.62,1050.4,45.24,187.8,7.22,Colluvial Debris,7.1,126.3,0.416,14.3,0.759,3
25.82733,91.83699,58.56,1023.3,42.46,58.3,7.99,Weathered Regolith / Phyllite,34.3,129.9,0.465,15.0,0.794,3
25.87197,91.90732,49.3,705.1,49.7,192.7,8.12,Granite Gneiss,14.6,86.5,0.333,10.44,0.795,3
25.75271,91.91481,42.57,548.0,50.89,328.6,8.03,Weathered Regolith / Phyllite,11.2,65.2,0.315,8.14,0.845,3
25.85942,91.89476,42.73,516.0,47.43,5.6,7.14,Granite Gneiss,57.6,133.4,0.404,15.03,0.7,3
25.91041,91.84689,67.7,1403.1,34.85,231.3,8.1,Colluvial Debris,69.8,145.2,0.501,16.67,0.94,3
25.70502,91.88558,60.68,1051.5,34.9,26.5,7.79,Weathered Regolith / Phyllite,152.8,221.2,0.631,24.0,0.72,3
25.7913,91.86058,43.81,534.8,49.43,2.3,8.42,Weathered Regolith / Phyllite,8.9,90.6,0.409,11.0,0.783,3
25.72753,91.87557,50.7,759.3,42.0,54.2,8.71,Weathered Regolith / Phyllite,68.2,240.8,0.695,24.0,0.649,3
25.86407,91.90388,57.77,1041.8,31.77,152.2,7.61,Weathered Regolith / Phyllite,159.7,218.9,0.585,24.0,0.814,3
25.80595,91.91688,65.07,1373.6,29.87,288.8,6.64,Weathered Regolith / Phyllite,4.7,103.3,0.391,11.63,1.28,1
25.82134,91.85019,41.31,350.2,43.24,101.4,6.55,Granite Gneiss,26.4,231.7,0.687,24.0,0.647,3
25.86544,91.87269,47.1,664.4,33.98,225.2,7.6,Weathered Regolith / Phyllite,0.7,79.8,0.369,9.52,1.183,2
25.75691,91.85499,66.69,1422.4,34.82,148.0,8.09,Shillong Quartzite,34.5,128.3,0.483,14.87,0.994,3
25.89707,91.84582,40.27,389.2,40.06,84.4,8.14,Granite Gneiss,37.0,127.3,0.428,14.78,0.854,3
25.79392,91.92184,46.04,617.5,41.41,185.1,7.22,Shillong Quartzite,150.5,264.4,0.731,24.0,0.651,3
25.69265,91.9382,68.77,1434.0,47.79,287.1,7.89,Weathered Regolith / Phyllite,5.3,125.7,0.455,14.52,0.709,3
25.83789,91.86813,58.4,957.8,45.98,299.7,8.84,Weathered Regolith / Phyllite,27.7,87.3,0.384,10.81,0.843,3
25.86418,91.91767,47.85,685.4,42.09,304.7,8.05,Shillong Quartzite,5.5,57.4,0.325,7.32,1.017,2
25.73553,91.93661,42.01,438.6,38.59,121.9,6.67,Weathered Regolith / Phyllite,82.1,126.4,0.496,14.1,0.91,3
25.88144,91.93,40.85,511.5,48.61,285.6,7.64,Granite Gneiss,154.3,207.5,0.569,23.1,0.651,3
25.89466,91.84377,47.34,648.7,47.57,76.4,7.58,Weathered Regolith / Phyllite,2.8,79.8,0.394,9.51,0.853,3
25.72476,91.94432,66.44,1297.1,52.21,265.8,8.32,Shillong Quartzite,5.8,94.8,0.421,11.4,0.735,3
25.91555,91.86897,52.48,870.6,44.82,341.4,7.16,Shillong Quartzite,30.5,73.7,0.376,8.7,0.923,3
25.68799,91.8641,61.61,1175.9,37.12,4.9,7.64,Shillong Quartzite,18.1,79.0,0.345,9.45,1.084,2
25.70454,91.82812,67.55,1400.0,33.35,158.5,8.24,Weathered Regolith / Phyllite,37.3,158.0,0.538,18.08,0.945,3
25.69974,91.8832,52.24,904.9,42.71,233.2,7.71,Weathered Regolith / Phyllite,137.0,244.5,0.738,24.0,0.648,3
25.89138,91.83417,45.74,577.4,45.04,252.6,8.12,Colluvial Debris,30.0,104.9,0.403,12.39,0.816,3
25.82666,91.85231,55.51,1011.7,26.6,63.4,6.41,Weathered Regolith / Phyllite,5.5,90.7,0.418,10.2,1.494,1
25.69107,91.8612,67.24,1428.6,39.41,350.0,7.93,Weathered Regolith / Phyllite,22.0,222.8,0.623,24.0,0.658,3
25.76889,91.92515,64.13,1213.9,27.82,221.5,6.9,Shillong Quartzite,88.6,136.7,0.51,15.29,1.255,1
25.81613,91.93381,41.97,442.3,39.07,59.2,7.25,Granite Gneiss,27.7,78.2,0.372,9.21,1.037,2
25.67254,91.85932,60.78,1129.1,47.1,7.4,7.9,Weathered Regolith / Phyllite,123.4,210.1,0.703,23.49,0.647,3
25.88825,91.93163,57.16,992.5,44.11,282.0,6.47,Shillong Quartzite,125.7,218.9,0.739,23.85,0.646,3
25.86697,91.93144,67.22,1421.2,26.15,28.7,7.74,Shillong Quartzite,4.8,129.9,0.458,14.9,1.354,1
25.78641,91.9194,43.67,494.0,43.81,50.8,8.12,Weathered Regolith / Phyllite,35.5,145.1,0.561,16.67,0.72,3
25.91112,91.83907,56.02,970.5,34.12,206.9,8.34,Shillong Quartzite,21.3,80.1,0.368,9.84,1.168,2
25.7628,91.90974,66.38,1292.8,32.24,217.3,6.54,Granite Gneiss,9.8,75.8,0.36,8.67,1.274,1
25.91571,91.94285,52.3,834.9,46.67,247.3,7.7,Colluvial Debris,5.5,75.1,0.361,9.06,0.88,3
25.83034,91.90873,54.46,991.8,36.69,141.7,6.69,Weathered Regolith / Phyllite,5.5,117.4,0.385,13.15,0.989,3
25.82136,91.86311,42.11,546.9,30.12,278.6,7.38,Shillong Quartzite,54.7,165.4,0.589,18.53,1.047,3
25.69481,91.88508,48.34,707.2,38.51,350.8,7.69,Weathered Regolith / Phyllite,57.8,176.6,0.513,19.84,0.747,3
25.88812,91.90394,49.74,765.9,40.88,97.6,6.34,Weathered Regolith / Phyllite,17.5,73.9,0.363,8.39,1.015,2
25.76542,91.88637,68.35,1411.2,29.9,253.1,10.01,Shillong Quartzite,3.1,155.5,0.422,18.52,1.055,3
25.6938,91.83559,48.48,684.6,38.59,334.2,6.71,Weathered Regolith / Phyllite,60.4,131.5,0.461,14.66,0.893,3
25.6534,91.86057,53.83,960.6,42.36,247.1,8.39,Weathered Regolith / Phyllite,18.7,123.3,0.451,14.46,0.811,3
25.80113,91.92431,60.14,1157.7,46.13,245.2,8.4,Weathered Regolith / Phyllite,16.2,114.7,0.458,13.55,0.764,3
25.7924,91.93198,44.87,579.7,50.37,80.6,9.3,Weathered Regolith / Phyllite,104.1,182.3,0.639,21.09,0.657,3
25.84423,91.83785,54.59,902.1,38.72,192.6,7.6,Shillong Quartzite,12.7,133.7,0.471,15.25,0.873,3
25.89037,91.94381,62.16,1169.4,42.19,202.5,8.69,Weathered Regolith / Phyllite,20.9,75.6,0.297,9.51,0.954,3
25.67144,91.86275,66.01,1323.7,36.03,252.0,9.32,Shillong Quartzite,26.0,99.6,0.381,12.31,1.033,2
25.8475,91.9061,58.79,1056.2,42.66,358.9,6.6,Weathered Regolith / Phyllite,17.6,71.3,0.346,8.22,0.98,3
25.7006,91.91774,60.07,1148.1,47.38,12.1,7.43,Shillong Quartzite,63.5,111.3,0.431,12.79,0.764,3
25.88171,91.92555,43.79,551.8,47.64,23.5,5.78,Colluvial Debris,154.4,173.9,0.493,18.79,0.648,3
25.87115,91.94295,68.37,1354.9,46.53,28.1,7.82,Weathered Regolith / Phyllite,24.2,112.8,0.408,13.11,0.769,3
25.79601,91.86068,43.98,493.3,48.62,267.5,7.65,Shillong Quartzite,125.2,179.3,0.553,20.11,0.651,3
25.84177,91.93161,63.24,1253.0,39.37,49.1,6.85,Shillong Quartzite,39.2,167.8,0.541,18.56,0.762,3
25.73487,91.83712,47.94,631.8,32.78,224.1,8.78,Shillong Quartzite,112.0,177.7,0.595,20.39,0.893,3
25.77722,91.91166,68.01,1366.3,38.22,116.9,5.93,Weathered Regolith / Phyllite,5.9,75.9,0.315,8.43,1.082,2
25.87184,91.91646,61.6,1138.4,41.79,164.6,8.48,Shillong Quartzite,45.2,133.4,0.516,15.57,0.792,3
25.774,91.9081,62.61,1142.0,42.47,77.6,5.68,Weathered Regolith / Phyllite,5.7,93.6,0.416,10.22,0.928,3
25.74661,91.8528,46.57,642.4,34.9,311.8,8.32,Weathered Regolith / Phyllite,27.5,133.3,0.39,15.49,0.973,3
25.78344,91.9335,53.29,860.2,28.8,211.0,6.6,Shillong Quartzite,257.1,336.7,0.85,24.0,0.92,3
25.87363,91.84195,58.53,1023.2,40.69,340.0,6.98,Weathered Regolith / Phyllite,20.7,75.1,0.354,8.77,1.009,2
25.74051,91.82697,63.1,1291.9,45.58,206.9,8.11,Shillong Quartzite,5.8,96.6,0.453,11.51,0.83,3
25.69692,91.91327,43.12,411.9,38.43,44.6,7.16,Shillong Quartzite,10.8,89.3,0.328,10.35,1.021,2
25.84224,91.88181,68.87,1375.9,51.93,61.5,7.35,Granite Gneiss,136.9,262.8,0.689,24.0,0.665,3
25.87301,91.93038,66.71,1311.7,44.81,356.1,8.77,Weathered Regolith / Phyllite,12.1,131.6,0.478,15.49,0.733,3
25.67717,91.86984,48.11,629.5,42.99,261.2,5.86,Colluvial Debris,36.0,171.5,0.517,18.56,0.683,3
25.71477,91.84188,64.68,1354.2,32.89,17.7,8.82,Shillong Quartzite,42.1,115.3,0.431,13.78,1.092,3
25.68833,91.92874,55.55,1034.1,25.53,253.4,6.65,Weathered Regolith / Phyllite,19.5,117.9,0.41,13.19,1.451,1
25.74394,91.89136,53.85,857.5,44.3,148.4,6.31,Weathered Regolith / Phyllite,42.8,204.0,0.666,22.2,0.646,3
25.77159,91.8446,49.43,780.9,44.22,110.6,6.28,Shillong Quartzite,10.7,122.5,0.479,13.53,0.799,3
25.85218,91.91365,57.43,1033.9,36.29,55.5,9.78,Colluvial Debris,20.3,109.0,0.395,13.49,0.99,2
25.82581,91.88644,61.9,1232.6,42.0,302.4,6.65,Shillong Quartzite,32.5,75.5,0.406,8.68,0.981,2
25.81765,91.89856,52.33,827.2,45.41,23.0,8.66,Shillong Quartzite,5.2,89.7,0.38,11.0,0.848,3
25.74514,91.87992,58.88,1077.9,28.09,104.3,10.02,Weathered Regolith / Phyllite,121.8,292.7,0.837,24.0,0.948,3
25.87719,91.92773,60.98,1190.4,41.26,110.3,7.38,Weathered Regolith / Phyllite,29.6,117.3,0.412,13.42,0.864,3
25.77725,91.92784,61.33,1196.7,41.21,57.9,8.03,Weathered Regolith / Phyllite,29.8,146.2,0.472,16.75,0.771,3
25.91436,91.91222,41.56,460.6,34.46,182.9,8.66,Granite Gneiss,19.0,124.8,0.516,14.73,1.01,3
25.82122,91.8337,65.79,1265.0,44.01,4.2,7.31,Weathered Regolith / Phyllite,44.5,150.5,0.516,16.91,0.709,3
25.68409,91.92905,53.75,850.6,43.36,108.4,6.52,Weathered Regolith / Phyllite,18.4,95.6,0.399,10.76,0.894,3
25.83257,91.90723,47.87,601.6,27.68,336.1,8.04,Weathered Regolith / Phyllite,59.7,118.1,0.419,13.76,1.313,1
25.73778,91.91061,47.25,685.3,32.72,111.8,8.71,Colluvial Debris,37.3,137.0,0.492,16.04,1.029,3
25.83531,91.86719,54.49,915.7,43.26,129.8,8.35,Granite Gneiss,10.6,116.7,0.437,13.74,0.812,3
25.6688,91.93431,66.6,1342.7,38.97,170.3,6.96,Weathered Regolith / Phyllite,142.3,258.9,0.749,24.0,0.66,3
25.69722,91.9143,51.35,796.3,34.98,202.2,6.88,Colluvial Debris,30.8,108.4,0.484,12.26,1.067,2
25.88105,91.83464,62.49,1141.5,37.97,291.1,9.03,Weathered Regolith / Phyllite,63.0,181.2,0.584,20.86,0.731,3
25.71134,91.87301,42.9,514.2,44.77,68.5,5.75,Weathered Regolith / Phyllite,5.5,40.6,0.224,4.62,1.038,2
25.876,91.93523,54.28,924.1,33.32,313.8,8.59,Weathered Regolith / Phyllite,20.2,90.1,0.398,11.01,1.161,2
25.7254,91.82614,69.75,1406.5,40.53,272.7,5.92,Weathered Regolith / Phyllite,3.5,73.2,0.326,8.15,1.03,2
25.82358,91.94498,63.11,1207.8,41.31,260.2,8.59,Weathered Regolith / Phyllite,9.2,128.0,0.421,15.04,0.818,3
25.83742,91.90829,46.32,595.1,42.13,31.2,8.82,Shillong Quartzite,32.4,102.8,0.378,12.45,0.872,3
25.78842,91.90208,55.04,917.9,41.04,7.8,7.13,Shillong Quartzite,2.3,85.6,0.412,9.95,0.967,3
25.73243,91.85517,47.01,599.9,50.03,213.8,5.79,Shillong Quartzite,30.4,90.1,0.337,9.89,0.806,3
25.70741,91.85234,52.29,819.3,40.67,310.7,7.67,Shillong Quartzite,64.7,140.1,0.449,15.95,0.806,3
25.65896,91.94247,63.4,1284.2,41.33,210.4,7.12,Granite Gneiss,97.6,238.6,0.707,24.0,0.651,3
25.73207,91.85878,63.14,1189.7,45.94,76.8,7.31,Weathered Regolith / Phyllite,6.8,63.6,0.307,7.68,0.931,3
25.82635,91.92082,46.84,612.3,37.4,32.6,8.25,Shillong Quartzite,111.2,192.1,0.564,21.72,0.72,3
25.90334,91.87111,67.67,1343.6,47.18,251.9,6.59,Shillong Quartzite,73.0,156.1,0.56,17.22,0.647,3
25.88523,91.8381,57.78,1014.6,40.95,259.8,7.31,Colluvial Debris,2.7,75.3,0.329,8.92,0.998,2
25.85684,91.82139,51.4,870.6,37.86,62.1,8.55,Weathered Regolith / Phyllite,15.0,114.8,0.381,13.62,0.942,3
25.86288,91.89075,55.06,983.3,34.03,10.1,8.32,Weathered Regolith / Phyllite,70.5,130.2,0.478,15.16,1.011,3
25.82955,91.94685,58.15,1029.6,44.09,147.0,7.11,Shillong Quartzite,6.3,76.4,0.381,8.96,0.93,3
25.72028,91.86799,56.8,962.2,33.52,209.8,8.39,Granite Gneiss,76.0,125.3,0.474,14.67,1.043,3
25.89494,91.86644,54.59,840.3,42.4,254.2,8.34,Weathered Regolith / Phyllite,116.4,174.2,0.59,19.84,0.659,3
25.8311,91.86473,55.15,893.7,43.15,291.6,7.87,Shillong Quartzite,2.9,107.2,0.441,12.53,0.849,3
25.80132,91.88767,45.29,506.3,35.25,219.8,7.13,Weathered Regolith / Phyllite,156.9,327.6,0.85,24.0,0.71,3
25.67997,91.87729,64.38,1283.0,37.35,39.9,5.57,Colluvial Debris,11.1,80.3,0.338,8.76,1.097,2
25.7707,91.93439,56.25,1022.3,43.97,245.7,8.39,Weathered Regolith / Phyllite,9.3,94.2,0.36,11.37,0.865,3
25.7743,91.88572,43.93,522.6,45.75,354.3,8.39,Weathered Regolith / Phyllite,21.8,94.3,0.387,11.37,0.831,3
25.88343,91.88601,62.98,1219.8,47.71,326.0,7.97,Weathered Regolith / Phyllite,18.5,100.8,0.336,11.9,0.784,3
25.7976,91.83799,67.97,1335.5,42.88,313.8,6.06,Weathered Regolith / Phyllite,102.1,231.2,0.642,24.0,0.647,3
25.75271,91.94776,68.42,1317.1,50.13,108.8,7.6,Weathered Regolith / Phyllite,2.6,115.9,0.488,13.35,0.706,3
25.91374,91.8525,51.07,789.7,46.1,270.3,8.37,Granite Gneiss,45.4,152.4,0.551,17.55,0.652,3
25.67989,91.82954,44.07,557.6,38.64,306.4,7.49,Colluvial Debris,18.4,101.2,0.409,11.75,0.975,3
25.76409,91.90621,55.55,1012.5,43.98,244.2,6.66,Weathered Regolith / Phyllite,48.2,139.0,0.547,15.43,0.751,3
25.66135,91.8974,43.38,600.8,40.26,90.2,7.96,Shillong Quartzite,48.7,134.4,0.491,15.46,0.83,3
25.84977,91.87397,68.02,1369.5,48.01,343.4,8.32,Weathered Regolith / Phyllite,10.7,130.2,0.468,15.17,0.687,3
25.89788,91.87488,45.51,629.2,43.58,162.3,5.83,Weathered Regolith / Phyllite,109.5,294.0,0.773,24.0,0.646,3
25.72561,91.92206,47.58,678.0,30.28,46.7,8.35,Weathered Regolith / Phyllite,67.8,129.9,0.455,15.14,1.149,3
25.88175,91.84544,52.2,827.1,46.55,39.5,7.87,Weathered Regolith / Phyllite,40.0,188.6,0.634,21.18,0.647,3
25.7289,91.92663,51.49,800.8,45.5,233.1,7.81,Shillong Quartzite,126.2,208.0,0.66,23.23,0.646,3
25.89591,91.90434,63.84,1228.6,34.17,157.6,8.33,Weathered Regolith / Phyllite,161.0,330.1,0.85,24.0,0.74,3
25.85357,91.87447,53.69,875.1,38.64,34.0,8.12,Colluvial Debris,0.6,73.5,0.343,9.05,1.053,2
25.86732,91.87954,45.12,645.6,35.88,266.5,6.63,Shillong Quartzite,0.8,99.2,0.296,11.19,1.07,2
25.65486,91.85336,48.02,689.2,45.2,287.8,6.76,Granite Gneiss,20.9,97.5,0.41,11.07,0.85,3
25.90996,91.91777,55.27,1004.2,42.56,261.1,7.95,Colluvial Debris,2.8,118.4,0.343,13.76,0.826,3
25.8462,91.88667,44.42,518.9,41.04,72.8,5.64,Colluvial Debris,93.3,134.4,0.457,14.54,0.838,3
25.73228,91.86171,58.35,928.9,39.63,248.3,8.1,Shillong Quartzite,62.8,132.3,0.507,15.29,0.849,3
25.87394,91.89749,56.97,975.5,38.05,3.9,8.23,Shillong Quartzite,29.4,91.1,0.448,10.97,1.014,2
25.72601,91.94945,61.44,1117.0,43.41,109.8,6.84,Weathered Regolith / Phyllite,1.8,57.7,0.266,6.87,1.002,2
25.88564,91.87658,68.13,1324.8,30.41,143.6,8.35,Granite Gneiss,143.8,220.3,0.681,24.0,0.86,3
25.6804,91.93969,67.37,1409.9,30.79,300.7,8.17,Shillong Quartzite,13.0,89.9,0.441,10.83,1.266,1
25.84,91.86485,68.38,1339.9,40.2,140.5,7.03,Colluvial Debris,18.4,143.9,0.5,16.1,0.813,3
25.79599,91.82712,47.34,680.3,28.88,4.1,8.06,Weathered Regolith / Phyllite,5.2,60.2,0.288,7.62,1.458,1
25.67606,91.84655,43.95,618.7,43.34,126.8,8.79,Weathered Regolith / Phyllite,24.1,121.5,0.521,14.43,0.792,3
25.71531,91.87443,49.07,671.4,51.77,179.6,7.13,Weathered Regolith / Phyllite,162.6,270.1,0.814,24.0,0.664,3
25.65335,91.84855,66.85,1330.6,30.48,341.6,8.43,Granite Gneiss,82.4,159.9,0.534,18.36,1.038,3
25.77657,91.82003,69.16,1474.8,44.5,338.8,5.69,Weathered Regolith / Phyllite,77.1,142.0,0.431,15.36,0.743,3
25.73134,91.93895,65.78,1285.7,48.18,65.1,5.89,Shillong Quartzite,23.3,104.9,0.397,11.5,0.787,3
25.81156,91.9297,43.3,528.8,43.45,66.7,6.08,Weathered Regolith / Phyllite,28.9,136.6,0.451,14.94,0.775,3
25.73025,91.9165,68.42,1420.4,41.28,58.8,8.42,Weathered Regolith / Phyllite,4.2,62.8,0.249,8.04,1.016,2
25.73098,91.84182,52.7,851.5,45.77,284.0,7.13,Weathered Regolith / Phyllite,106.4,204.3,0.683,22.56,0.646,3
25.85066,91.83565,40.28,391.8,30.0,2.2,7.29,Shillong Quartzite,64.7,172.1,0.581,19.2,1.03,3
25.663,91.82879,53.27,833.3,44.21,45.8,8.23,Weathered Regolith / Phyllite,164.3,240.4,0.68,24.0,0.646,3
25.89378,91.91412,41.38,404.6,31.3,193.7,7.0,Shillong Quartzite,139.1,198.1,0.592,21.85,0.897,3
25.88011,91.94075,56.32,994.9,38.63,89.1,7.03,Colluvial Debris,113.7,190.1,0.58,21.02,0.71,3
25.83031,91.87597,50.16,729.2,38.94,33.2,7.6,Colluvial Debris,76.4,238.4,0.664,24.0,0.66,3
25.81017,91.83549,54.2,944.9,36.77,129.6,7.39,Shillong Quartzite,11.9,97.5,0.508,11.32,1.04,2
25.89092,91.88661,58.4,1107.4,34.7,98.7,8.15,Shillong Quartzite,5.8,112.9,0.4,13.26,1.046,3
25.70004,91.86535,66.06,1266.0,41.06,184.0,7.25,Weathered Regolith / Phyllite,79.7,179.5,0.562,19.97,0.684,3
25.67132,91.86873,59.86,1124.5,33.26,352.5,7.7,Colluvial Debris,17.3,115.5,0.407,13.35,1.092,3
25.71467,91.90077,53.02,938.1,36.38,44.7,8.86,Weathered Regolith / Phyllite,15.1,173.6,0.49,19.98,0.797,3
25.86454,91.91343,64.58,1226.2,29.54,134.2,9.2,Shillong Quartzite,8.7,139.6,0.438,16.52,1.136,3
25.65936,91.83438,67.17,1398.9,41.68,335.5,8.55,Weathered Regolith / Phyllite,62.2,179.5,0.617,20.49,0.656,3
25.80736,91.82463,43.59,548.2,41.85,315.7,8.67,Weathered Regolith / Phyllite,52.3,109.6,0.408,13.11,0.86,3
25.91877,91.94926,55.96,996.9,30.83,141.9,8.26,Weathered Regolith / Phyllite,14.4,109.5,0.437,12.94,1.197,2
25.88104,91.85025,48.54,668.5,33.85,251.6,8.34,Granite Gneiss,0.9,50.0,0.308,6.65,1.274,1
25.79079,91.827,41.41,525.6,40.03,31.6,7.89,Shillong Quartzite,16.6,150.4,0.529,17.13,0.787,3
25.66718,91.84468,60.06,1075.2,38.0,256.5,8.55,Shillong Quartzite,5.6,98.0,0.368,11.83,0.99,2
25.87447,91.82506,65.88,1331.5,52.4,350.2,7.44,Weathered Regolith / Phyllite,4.3,60.5,0.381,7.41,0.848,3
25.81172,91.87094,44.89,568.5,43.24,193.5,6.26,Granite Gneiss,14.0,103.2,0.444,11.47,0.877,3
25.68103,91.92431,64.37,1274.5,45.29,179.5,8.37,Weathered Regolith / Phyllite,2.9,54.5,0.319,7.13,0.958,3
25.67534,91.86436,65.6,1256.7,39.57,67.4,8.43,Weathered Regolith / Phyllite,88.4,161.0,0.544,18.48,0.76,3
25.8956,91.87774,67.43,1311.0,42.57,228.2,8.49,Shillong Quartzite,1.4,56.8,0.25,7.44,1.004,2
25.83068,91.90783,47.96,690.0,35.25,212.6,6.94,Colluvial Debris,14.4,101.4,0.436,11.55,1.079,2
25.87391,91.88616,67.12,1334.5,26.36,234.7,7.6,Weathered Regolith / Phyllite,5.0,66.4,0.321,8.1,1.582,1
25.88732,91.93199,49.62,720.6,48.98,9.4,6.84,Shillong Quartzite,32.7,134.3,0.443,15.01,0.676,3
25.80438,91.93258,56.57,1001.7,51.87,197.5,7.35,Shillong Quartzite,2.3,78.4,0.312,9.27,0.8,3
25.78971,91.82129,41.52,393.2,50.24,214.2,6.14,Colluvial Debris,22.2,110.0,0.461,12.15,0.739,3
25.76622,91.92115,41.32,494.4,47.34,74.7,7.17,Weathered Regolith / Phyllite,41.5,132.8,0.416,14.98,0.703,3
25.73558,91.8799,61.61,1161.2,25.73,75.0,7.28,Weathered Regolith / Phyllite,83.9,120.1,0.428,13.67,1.422,1
25.76734,91.94855,53.33,897.2,44.23,99.4,6.9,Weathered Regolith / Phyllite,33.6,66.0,0.332,7.78,0.96,3
25.85895,91.88282,47.69,690.2,25.72,256.2,8.82,Weathered Regolith / Phyllite,159.8,248.9,0.722,24.0,1.052,3
25.81252,91.9483,45.71,623.2,42.88,218.3,8.6,Weathered Regolith / Phyllite,149.1,227.4,0.697,24.0,0.647,3
25.89098,91.91809,60.1,1055.5,47.66,304.5,5.46,Colluvial Debris,36.8,143.8,0.543,15.46,0.684,3
25.76971,91.85232,40.01,447.0,44.47,106.4,7.75,Weathered Regolith / Phyllite,6.8,118.2,0.465,13.66,0.791,3
25.81391,91.88999,64.18,1257.1,46.53,328.3,5.62,Colluvial Debris,16.6,86.4,0.373,9.43,0.872,3
25.82045,91.94898,42.38,464.2,33.98,267.7,6.44,Weathered Regolith / Phyllite,105.2,172.5,0.542,18.9,0.899,3
25.80976,91.93148,45.74,596.1,29.1,142.2,8.67,Colluvial Debris,48.0,141.1,0.433,16.46,1.157,2
25.83971,91.83266,51.59,820.0,27.44,34.3,8.82,Shillong Quartzite,52.5,136.4,0.478,16.03,1.248,2
25.71411,91.91183,54.55,916.3,37.3,92.5,8.66,Weathered Regolith / Phyllite,55.2,109.9,0.407,13.14,0.971,3
25.78834,91.86493,50.65,796.6,34.53,344.4,7.87,Shillong Quartzite,27.1,113.9,0.452,13.25,1.052,3
25.67814,91.82091,49.62,802.9,43.53,111.7,8.59,Weathered Regolith / Phyllite,38.1,84.4,0.36,10.41,0.901,3
25.75382,91.87245,68.92,1370.6,43.7,118.8,6.53,Weathered Regolith / Phyllite,101.4,191.6,0.643,20.97,0.646,3
25.78167,91.85052,59.25,1103.7,34.98,68.3,7.18,Weathered Regolith / Phyllite,181.1,267.4,0.751,24.0,0.717,3
25.8261,91.92645,40.7,420.3,33.34,290.5,6.75,Weathered Regolith / Phyllite,9.2,74.6,0.322,8.62,1.233,2
25.90664,91.86385,52.91,897.4,43.94,99.2,8.38,Shillong Quartzite,25.0,98.2,0.413,11.79,0.854,3
25.81218,91.92758,66.25,1383.8,31.98,118.9,7.22,Granite Gneiss,9.3,113.6,0.434,12.95,1.151,2
25.85077,91.82008,49.04,724.4,47.29,149.2,6.35,Weathered Regolith / Phyllite,3.3,91.1,0.396,10.22,0.837,3
25.78669,91.86002,42.84,524.1,33.15,156.1,8.3,Colluvial Debris,23.5,73.8,0.337,9.16,1.224,2
25.82121,91.85135,62.75,1244.9,46.1,148.1,5.95,Colluvial Debris,12.2,95.3,0.391,10.51,0.849,3
25.66915,91.85036,58.18,1076.2,45.84,181.3,5.72,Weathered Regolith / Phyllite,24.5,163.3,0.527,17.64,0.654,3
25.71869,91.82886,57.11,1049.1,36.96,293.2,6.46,Weathered Regolith / Phyllite,22.9,140.2,0.494,15.48,0.913,3
25.7477,91.84433,41.61,444.3,41.83,294.9,5.41,Weathered Regolith / Phyllite,21.9,132.4,0.521,14.24,0.829,3
25.77757,91.89222,44.21,526.8,48.17,287.4,7.96,Shillong Quartzite,131.2,167.1,0.527,18.94,0.65,3
25.66233,91.85788,58.68,1008.2,44.26,36.4,7.75,Weathered Regolith / Phyllite,16.2,79.4,0.33,9.54,0.91,3
25.68781,91.87426,46.23,610.4,39.4,287.9,6.87,Weathered Regolith / Phyllite,178.6,256.5,0.757,24.0,0.658,3
25.72474,91.86899,55.12,925.9,44.5,43.3,6.78,Shillong Quartzite,113.7,252.6,0.728,24.0,0.646,3
25.91231,91.93387,56.35,966.4,31.75,44.9,8.86,Shillong Quartzite,16.4,117.9,0.496,14.07,1.125,3
25.73946,91.93769,48.51,717.4,41.96,341.2,7.68,Weathered Regolith / Phyllite,19.1,67.0,0.355,8.19,0.996,2
25.78015,91.88408,68.45,1416.6,38.78,295.0,8.29,Colluvial Debris,55.6,160.8,0.568,18.4,0.781,3
25.70295,91.86292,65.27,1282.0,30.85,198.9,7.96,Shillong Quartzite,29.8,117.8,0.477,13.7,1.172,2
25.81491,91.83388,61.67,1172.4,48.65,315.0,6.65,Weathered Regolith / Phyllite,149.3,269.7,0.747,24.0,0.651,3
25.72578,91.94394,42.34,515.0,44.29,356.2,9.13,Shillong Quartzite,185.1,283.9,0.809,24.0,0.646,3
25.70589,91.82783,43.18,479.5,38.07,219.8,7.98,Weathered Regolith / Phyllite,50.0,161.8,0.563,18.39,0.799,3
25.78947,91.85869,54.78,954.7,44.38,220.6,6.33,Shillong Quartzite,39.2,154.1,0.519,16.91,0.702,3
25.65149,91.85875,44.82,544.3,46.99,271.6,7.25,Weathered Regolith / Phyllite,17.6,102.1,0.369,11.74,0.8,3
25.65207,91.86165,69.35,1484.7,26.92,83.6,7.77,Weathered Regolith / Phyllite,39.7,104.5,0.447,12.21,1.407,1
25.70915,91.84136,44.76,573.1,39.16,60.2,6.89,Weathered Regolith / Phyllite,18.2,95.3,0.383,10.89,0.987,2
25.65991,91.92181,54.62,914.4,50.3,273.4,8.66,Weathered Regolith / Phyllite,37.4,121.9,0.46,14.41,0.674,3
25.67917,91.83592,50.92,710.7,47.84,124.2,8.52,Shillong Quartzite,59.4,148.3,0.529,17.16,0.649,3
25.74149,91.90254,59.18,1097.7,30.06,48.6,7.17,Shillong Quartzite,61.9,110.4,0.483,12.6,1.24,2
25.8667,91.8361,43.87,539.3,49.43,113.4,7.0,Weathered Regolith / Phyllite,17.0,72.8,0.348,8.54,0.853,3
25.80445,91.82917,52.91,858.8,41.49,129.1,8.36,Weathered Regolith / Phyllite,54.9,123.1,0.37,14.42,0.831,3
25.78842,91.93823,48.24,684.7,35.28,347.5,7.01,Granite Gneiss,3.0,70.7,0.343,8.32,1.174,2
25.72924,91.84472,66.63,1357.1,29.8,251.3,8.36,Weathered Regolith / Phyllite,3.0,129.8,0.477,15.14,1.169,2
25.90157,91.92676,41.22,475.6,40.49,191.1,8.23,Weathered Regolith / Phyllite,22.3,104.6,0.343,12.4,0.911,3
25.75719,91.8908,67.41,1378.8,39.24,348.8,8.16,Shillong Quartzite,29.5,82.6,0.421,10.04,1.009,2
25.67352,91.83012,64.99,1327.3,33.24,325.1,8.51,Granite Gneiss,4.6,74.8,0.239,9.35,1.215,2
25.81661,91.94421,48.93,683.7,36.89,184.3,8.38,Granite Gneiss,17.9,89.2,0.4,10.83,1.051,2
25.68074,91.8521,63.68,1205.0,38.07,326.0,9.3,Granite Gneiss,128.6,229.8,0.624,24.0,0.665,3
25.74321,91.93175,40.94,449.0,38.73,145.5,7.36,Weathered Regolith / Phyllite,25.8,85.0,0.41,9.98,1.024,2
25.787,91.84195,69.01,1441.7,24.73,83.0,9.38,Granite Gneiss,54.1,144.4,0.52,17.09,1.356,1
25.88604,91.93101,55.8,973.6,45.33,83.8,5.53,Weathered Regolith / Phyllite,37.5,106.3,0.473,11.5,0.835,3
25.78326,91.82172,49.1,666.9,49.35,238.4,6.8,Weathered Regolith / Phyllite,13.3,139.2,0.507,15.51,0.656,3
25.83961,91.88653,50.88,732.6,43.14,180.4,5.85,Shillong Quartzite,142.3,220.4,0.679,23.75,0.647,3
25.91806,91.92003,41.99,462.3,45.88,237.2,7.92,Shillong Quartzite,30.4,89.0,0.363,10.62,0.85,3
25.6855,91.94152,69.68,1367.2,26.28,247.0,6.85,Weathered Regolith / Phyllite,47.3,121.5,0.378,13.65,1.391,1
25.72418,91.9382,41.18,451.7,34.08,8.0,8.88,Weathered Regolith / Phyllite,31.0,74.0,0.43,9.42,1.182,2
25.75654,91.92655,59.65,1084.7,43.2,19.5,8.0,Granite Gneiss,127.4,195.8,0.591,22.0,0.647,3
25.76389,91.93546,53.28,828.3,39.56,191.8,5.8,Colluvial Debris,48.2,87.1,0.385,9.58,1.014,2
25.76098,91.8459,68.47,1374.3,46.19,68.8,8.07,Shillong Quartzite,20.5,125.0,0.422,14.51,0.736,3
25.89505,91.85694,47.38,662.7,36.51,227.7,8.85,Weathered Regolith / Phyllite,12.8,100.7,0.359,12.24,1.021,2
25.84279,91.85757,55.96,899.0,31.85,198.8,8.45,Granite Gneiss,32.1,97.7,0.397,11.76,1.193,2
25.81413,91.86902,54.47,882.3,27.7,210.9,6.27,Granite Gneiss,25.0,111.6,0.442,12.36,1.359,1
25.73353,91.87113,61.09,1127.5,49.84,108.9,8.36,Shillong Quartzite,109.9,320.0,0.85,24.0,0.655,3
25.87242,91.89079,42.04,459.4,47.99,230.3,8.05,Weathered Regolith / Phyllite,112.5,244.0,0.757,24.0,0.649,3
25.90787,91.84078,45.81,592.6,32.18,298.6,7.7,Weathered Regolith / Phyllite,15.7,86.2,0.381,10.24,1.228,2
25.87172,91.90986,46.44,679.7,41.38,359.3,7.21,Weathered Regolith / Phyllite,22.9,123.8,0.45,14.04,0.844,3
25.65042,91.84178,62.14,1213.0,40.95,301.8,7.66,Weathered Regolith / Phyllite,51.2,132.0,0.484,15.09,0.824,3
25.82183,91.86034,45.67,572.9,34.08,200.7,8.96,Weathered Regolith / Phyllite,40.3,170.3,0.544,19.68,0.873,3
25.66381,91.88543,57.2,960.7,35.0,69.6,7.19,Shillong Quartzite,3.5,97.0,0.404,11.18,1.099,2
25.71955,91.92354,46.46,609.5,37.87,245.3,6.4,Weathered Regolith / Phyllite,111.3,205.1,0.599,22.35,0.69,3
25.66607,91.91613,65.85,1353.8,48.06,337.6,8.45,Granite Gneiss,0.8,74.6,0.322,9.31,0.851,3
25.81302,91.90392,68.27,1304.2,49.16,76.3,5.44,Weathered Regolith / Phyllite,0.2,60.8,0.312,6.64,0.91,3
25.83538,91.84025,55.55,947.8,49.02,92.2,8.6,Shillong Quartzite,7.1,99.0,0.411,11.96,0.762,3
25.68091,91.89112,50.57,757.6,40.65,53.6,7.17,Granite Gneiss,45.0,125.8,0.452,14.24,0.855,3
25.75364,91.83137,47.02,693.7,35.28,265.2,7.93,Shillong Quartzite,65.8,111.6,0.433,13.04,1.034,3
25.77318,91.86906,41.49,491.5,41.66,146.4,6.44,Weathered Regolith / Phyllite,13.9,190.9,0.563,20.85,0.65,3
25.74964,91.87376,48.06,623.2,49.36,22.6,8.55,Shillong Quartzite,23.2,80.8,0.31,10.0,0.812,3
25.68268,91.82518,59.63,1134.8,47.46,315.0,8.12,Granite Gneiss,34.3,111.9,0.424,13.14,0.753,3
25.76312,91.85562,56.01,866.9,29.88,200.8,9.36,Colluvial Debris,85.6,176.6,0.501,20.5,0.992,3
25.85282,91.94423,68.32,1415.7,40.54,119.2,8.19,Shillong Quartzite,68.3,122.6,0.484,14.3,0.856,3
25.66917,91.94397,51.89,844.2,30.86,123.8,7.08,Granite Gneiss,1.6,60.8,0.259,7.29,1.375,1
25.67165,91.8658,60.82,1196.0,45.46,104.5,7.01,Weathered Regolith / Phyllite,8.0,120.0,0.428,13.55,0.776,3
25.74579,91.8256,54.68,922.9,36.02,164.0,7.85,Colluvial Debris,1.4,148.2,0.526,16.89,0.898,3
25.90427,91.84328,55.38,911.6,37.15,121.3,8.12,Colluvial Debris,26.8,113.7,0.467,13.33,0.97,3
25.83051,91.87099,48.03,640.8,45.27,197.3,8.8,Shillong Quartzite,34.7,121.7,0.473,14.45,0.754,3
25.83324,91.94321,53.65,936.1,26.39,278.5,7.95,Granite Gneiss,10.3,83.3,0.383,10.03,1.512,1
25.74772,91.83836,54.12,962.2,36.64,242.8,8.38,Shillong Quartzite,53.8,113.2,0.532,13.38,0.984,3
25.81029,91.91926,61.2,1124.0,31.57,106.0,9.51,Weathered Regolith / Phyllite,16.9,85.0,0.325,10.83,1.233,2
25.65274,91.83413,68.22,1388.6,35.82,190.3,6.74,Colluvial Debris,179.9,306.1,0.85,24.0,0.694,3
25.82175,91.94756,49.88,800.3,44.26,302.4,8.58,Shillong Quartzite,133.4,231.0,0.714,24.0,0.646,3
25.89659,91.86961,41.27,475.1,46.69,24.6,7.3,Shillong Quartzite,3.2,115.8,0.449,13.22,0.763,3
25.81539,91.92078,54.89,913.6,49.63,28.2,8.0,Shillong Quartzite,10.1,140.4,0.47,16.12,0.654,3
25.8859,91.86454,56.33,941.3,42.34,200.2,7.07,Colluvial Debris,0.7,79.8,0.377,9.3,0.956,3
25.84547,91.9016,45.05,543.2,44.45,230.1,7.12,Granite Gneiss,42.7,184.2,0.604,20.42,0.646,3
25.68255,91.84496,62.81,1236.6,35.71,76.1,5.92,Weathered Regolith / Phyllite,1.5,74.4,0.394,8.28,1.162,2
25.89366,91.83898,69.55,1419.5,25.91,268.3,9.84,Shillong Quartzite,38.7,101.2,0.421,12.68,1.447,1
25.66794,91.94195,68.37,1376.8,39.59,232.7,8.58,Colluvial Debris,1.5,103.1,0.331,12.39,0.933,3
25.79417,91.93929,45.91,631.4,41.06,332.4,6.24,Shillong Quartzite,8.2,172.5,0.591,18.83,0.716,3
25.68838,91.93537,66.26,1322.4,38.18,60.8,10.11,Colluvial Debris,51.5,94.5,0.372,12.08,0.978,3
25.65316,91.90131,61.13,1155.3,42.77,270.5,7.91,Granite Gneiss,84.5,160.9,0.526,18.26,0.696,3
25.76395,91.92507,53.62,863.6,40.36,30.1,8.68,Shillong Quartzite,15.0,64.2,0.276,8.3,1.03,2
25.72966,91.82897,56.22,953.0,35.8,203.5,6.25,Weathered Regolith / Phyllite,98.1,207.3,0.642,22.53,0.738,3
25.78122,91.86352,65.49,1262.7,43.04,198.7,7.34,Weathered Regolith / Phyllite,27.6,66.5,0.405,8.01,0.978,3
25.80584,91.86078,54.4,932.5,45.27,139.8,7.99,Shillong Quartzite,15.1,81.9,0.403,9.9,0.881,3
25.66181,91.90263,51.2,795.3,44.89,304.0,6.18,Weathered Regolith / Phyllite,167.3,269.0,0.724,24.0,0.646,3
25.68321,91.86627,54.8,929.6,42.19,1.6,7.64,Granite Gneiss,9.8,105.1,0.403,12.22,0.877,3
25.80083,91.83931,57.37,967.3,42.74,187.3,7.49,Granite Gneiss,77.2,127.3,0.5,14.52,0.801,3
25.74266,91.89754,45.67,626.4,32.04,78.2,7.16,Weathered Regolith / Phyllite,29.9,147.9,0.498,16.58,1.036,3
25.84688,91.92587,67.03,1358.4,40.52,267.7,7.15,Granite Gneiss,13.9,139.9,0.406,15.73,0.816,3
25.82612,91.86968,60.23,1137.1,29.37,15.5,9.65,Shillong Quartzite,4.1,55.8,0.281,7.79,1.429,1
25.87831,91.83719,59.0,1078.7,43.46,299.4,7.01,Weathered Regolith / Phyllite,1.9,76.2,0.403,8.91,0.944,3
25.83697,91.84557,42.98,515.9,44.33,301.7,6.71,Weathered Regolith / Phyllite,43.4,87.4,0.432,9.96,0.897,3
25.76608,91.85087,58.13,961.6,39.61,299.8,7.85,Colluvial Debris,31.5,153.7,0.511,17.47,0.788,3
25.8317,91.85899,43.63,572.5,32.45,54.9,8.45,Weathered Regolith / Phyllite,105.6,195.6,0.599,22.16,0.849,3
25.72435,91.90356,42.36,429.8,39.27,226.9,8.34,Weathered Regolith / Phyllite,63.4,219.7,0.572,24.0,0.659,3
25.7327,91.89812,55.82,995.2,43.95,5.2,8.26,Weathered Regolith / Phyllite,14.8,108.8,0.415,12.86,0.823,3
25.86303,91.91049,52.08,820.0,43.93,305.3,5.72,Weathered Regolith / Phyllite,34.7,129.2,0.441,14.02,0.791,3
25.77053,91.86713,57.66,954.0,36.2,260.3,7.59,Shillong Quartzite,67.1,146.2,0.426,16.57,0.903,3
25.86556,91.92712,42.68,490.2,37.94,191.2,8.52,Weathered Regolith / Phyllite,158.7,259.5,0.713,24.0,0.666,3
25.87205,91.84653,52.93,792.5,33.07,263.0,9.14,Granite Gneiss,153.7,291.9,0.77,24.0,0.773,3
25.88154,91.88098,45.24,627.8,33.21,34.0,8.25,Weathered Regolith / Phyllite,166.3,264.6,0.764,24.0,0.769,3
25.89749,91.92412,69.61,1415.8,46.77,190.3,5.75,Shillong Quartzite,14.9,118.8,0.503,12.93,0.77,3
25.76637,91.84342,56.83,947.6,49.35,104.9,7.14,Weathered Regolith / Phyllite,29.2,112.7,0.422,12.83,0.732,3
25.73609,91.83428,60.62,1148.2,41.93,350.1,6.08,Colluvial Debris,8.3,54.7,0.311,6.25,1.052,2
25.80719,91.93488,49.76,740.0,41.0,308.6,8.34,Shillong Quartzite,16.0,72.3,0.437,9.02,0.995,2
25.75022,91.86458,42.84,520.3,46.06,264.0,5.86,Granite Gneiss,6.6,136.6,0.404,14.86,0.728,3
25.81229,91.9089,69.28,1420.1,26.85,336.1,7.25,Granite Gneiss,1.1,100.7,0.409,11.6,1.431,1
25.84051,91.8233,48.59,746.8,47.22,124.9,7.27,Granite Gneiss,24.9,152.4,0.561,17.1,0.648,3
25.83587,91.90971,52.71,828.9,40.44,324.3,7.63,Granite Gneiss,56.0,114.0,0.443,13.16,0.891,3
25.75113,91.86109,59.5,1019.3,44.35,117.1,7.34,Weathered Regolith / Phyllite,0.7,137.2,0.417,15.51,0.741,3
25.69505,91.82725,40.74,382.2,39.26,263.8,7.67,Shillong Quartzite,6.1,116.9,0.514,13.49,0.91,3
25.76624,91.89928,64.31,1268.2,48.49,265.1,7.99,Weathered Regolith / Phyllite,17.3,90.4,0.412,10.8,0.802,3
25.6885,91.8513,56.1,937.1,31.17,6.6,7.71,Granite Gneiss,30.7,128.7,0.474,14.76,1.126,3
25.89033,91.87028,48.35,743.5,44.45,130.0,7.71,Colluvial Debris,5.3,127.8,0.406,14.66,0.763,3
25.74339,91.83048,41.85,417.9,50.13,7.0,6.83,Colluvial Debris,1.6,52.1,0.386,6.27,0.908,3
25.6917,91.83913,44.87,611.4,32.75,359.0,7.6,Weathered Regolith / Phyllite,20.5,99.7,0.423,11.64,1.163,2
25.65687,91.85874,66.85,1322.5,26.39,44.0,8.56,Weathered Regolith / Phyllite,47.8,90.2,0.396,11.01,1.478,1
25.82437,91.83167,60.58,1172.6,48.69,195.4,7.41,Weathered Regolith / Phyllite,1.0,71.2,0.36,8.53,0.863,3
25.82196,91.93841,47.5,682.6,22.47,284.6,9.02,Weathered Regolith / Phyllite,12.0,80.2,0.395,10.13,1.779,1
25.74196,91.82079,41.97,476.6,32.52,72.5,8.17,Weathered Regolith / Phyllite,30.5,138.1,0.488,15.94,1.039,3
25.66936,91.8829,60.72,1151.7,41.59,174.6,8.48,Weathered Regolith / Phyllite,3.9,91.7,0.377,11.14,0.921,3
25.7606,91.83602,57.17,1050.1,46.34,218.7,7.37,Colluvial Debris,116.6,200.8,0.532,22.28,0.646,3
25.73403,91.86,52.14,822.7,33.27,57.7,7.96,Shillong Quartzite,21.5,110.6,0.392,12.94,1.104,3
25.83282,91.94039,50.91,706.7,38.89,280.3,8.21,Shillong Quartzite,85.8,111.8,0.505,13.16,0.929,3
25.81356,91.84102,46.5,675.7,41.0,107.8,6.86,Shillong Quartzite,9.5,91.2,0.347,10.43,0.955,3
25.74844,91.94556,60.09,1092.2,47.16,76.0,7.18,Shillong Quartzite,18.7,119.4,0.431,13.56,0.746,3
25.70883,91.84675,69.12,1521.6,37.27,201.0,8.16,Colluvial Debris,14.3,148.3,0.46,17.01,0.86,3
25.91677,91.9164,45.27,560.4,44.79,147.7,5.62,Shillong Quartzite,63.8,105.9,0.433,11.5,0.845,3
25.77258,91.89107,57.91,1011.7,43.35,331.3,7.46,Weathered Regolith / Phyllite,2.1,80.5,0.347,9.54,0.929,3
25.83583,91.93498,52.73,875.2,38.92,316.8,8.03,Shillong Quartzite,23.4,100.5,0.389,11.89,0.964,3
25.68795,91.89202,53.4,899.5,50.21,174.0,8.89,Colluvial Debris,52.4,174.4,0.532,20.09,0.656,3
25.78111,91.88949,47.62,683.8,42.97,129.3,8.67,Weathered Regolith / Phyllite,195.8,255.6,0.759,24.0,0.647,3
25.65743,91.84541,64.75,1244.0,32.81,117.2,7.37,Shillong Quartzite,33.6,78.1,0.411,9.24,1.234,2
25.78647,91.84161,54.56,863.1,47.02,96.3,7.51,Weathered Regolith / Phyllite,13.4,101.5,0.336,11.79,0.798,3
25.91028,91.93914,56.3,943.5,40.85,196.0,5.99,Weathered Regolith / Phyllite,104.2,201.4,0.611,21.79,0.652,3
25.75374,91.86262,49.14,659.3,40.74,289.8,6.94,Colluvial Debris,97.6,161.0,0.528,17.89,0.75,3
25.66053,91.86837,45.45,673.4,28.75,111.9,8.88,Weathered Regolith / Phyllite,25.9,171.1,0.526,19.73,1.063,3
25.65836,91.91878,42.58,449.2,43.75,68.4,6.31,Weathered Regolith / Phyllite,37.7,76.3,0.394,8.63,0.946,3
25.75476,91.86405,61.42,1138.1,50.06,171.2,6.67,Weathered Regolith / Phyllite,47.9,156.8,0.572,17.33,0.656,3
25.69321,91.94377,45.89,633.7,39.52,24.9,9.1,Colluvial Debris,15.1,91.4,0.39,11.36,0.964,3
25.65631,91.91593,60.7,1124.8,36.78,252.5,8.71,Weathered Regolith / Phyllite,35.3,120.7,0.418,14.31,0.952,3
25.85418,91.89767,51.71,786.2,42.33,186.6,8.39,Granite Gneiss,69.4,152.0,0.56,17.51,0.726,3
25.7738,91.93452,52.47,830.6,53.53,178.7,8.25,Weathered Regolith / Phyllite,71.0,154.5,0.508,17.72,0.675,3
25.7281,91.82645,54.08,868.3,46.08,108.2,8.17,Granite Gneiss,34.1,94.2,0.426,11.28,0.828,3
25.89302,91.85342,51.03,775.9,41.82,325.7,6.37,Colluvial Debris,28.4,151.0,0.61,16.59,0.763,3
25.68136,91.88045,43.02,521.3,35.42,32.6,7.95,Weathered Regolith / Phyllite,21.2,107.1,0.416,12.56,1.044,2
25.9081,91.84951,49.29,683.6,34.72,313.1,7.79,Weathered Regolith / Phyllite,5.7,125.5,0.462,14.45,1.01,3
25.73477,91.91671,59.91,1140.1,45.35,135.6,7.02,Weathered Regolith / Phyllite,3.7,136.3,0.452,15.29,0.729,3
25.88987,91.9395,59.97,1102.0,31.35,317.0,8.95,Granite Gneiss,18.6,123.9,0.493,14.75,1.119,3
25.81279,91.87509,48.59,677.2,48.56,262.4,7.35,Weathered Regolith / Phyllite,4.9,166.8,0.555,18.66,0.651,3
25.87321,91.86448,53.8,870.5,50.0,37.5,5.7,Weathered Regolith / Phyllite,24.1,106.0,0.363,11.54,0.759,3
25.91568,91.945,45.8,649.8,47.5,299.4,6.82,Weathered Regolith / Phyllite,29.1,137.7,0.454,15.36,0.69,3
25.72787,91.87783,46.31,653.6,38.57,245.6,6.97,Weathered Regolith / Phyllite,159.0,216.8,0.735,23.82,0.662,3
25.90951,91.88358,40.69,433.8,44.11,11.6,8.67,Weathered Regolith / Phyllite,1.0,77.6,0.341,9.72,0.908,3
25.75516,91.86571,66.9,1317.6,42.74,48.1,8.02,Colluvial Debris,1.7,126.3,0.414,14.63,0.798,3
25.75409,91.93824,46.32,644.0,49.38,228.8,7.57,Colluvial Debris,3.4,150.5,0.519,17.01,0.653,3
25.7419,91.89396,46.83,639.5,42.7,238.5,7.66,Weathered Regolith / Phyllite,4.7,55.5,0.281,6.97,1.014,2
25.79618,91.91908,48.39,763.4,32.82,268.8,8.39,Shillong Quartzite,128.6,198.4,0.609,22.44,0.829,3
25.69162,91.92553,43.82,532.3,28.61,259.3,8.83,Shillong Quartzite,11.8,111.1,0.446,13.33,1.282,1
25.7995,91.86444,59.18,1138.6,46.53,237.4,7.65,Granite Gneiss,9.7,73.2,0.355,8.84,0.889,3
25.79626,91.87638,42.25,486.7,39.5,275.8,9.07,Shillong Quartzite,1.5,70.1,0.336,9.07,1.03,2
25.85571,91.9303,44.03,499.4,42.77,207.0,9.25,Shillong Quartzite,28.2,104.4,0.385,12.79,0.849,3
25.87509,91.86722,59.34,1208.9,34.58,93.9,9.89,Shillong Quartzite,29.6,104.4,0.339,13.05,1.056,2
25.76892,91.92321,50.19,698.8,27.49,328.5,8.65,Granite Gneiss,5.4,50.9,0.369,6.87,1.559,1
25.73163,91.94233,61.24,1064.3,43.9,6.6,8.88,Weathered Regolith / Phyllite,70.5,131.0,0.543,15.47,0.751,3
25.72002,91.90102,56.72,902.3,49.0,132.0,7.17,Weathered Regolith / Phyllite,45.1,153.2,0.518,17.15,0.652,3
25.70255,91.91641,47.68,778.4,40.47,262.4,8.7,Weathered Regolith / Phyllite,7.3,40.6,0.303,5.79,1.099,2
25.66556,91.92466,59.52,1168.3,44.42,153.8,8.75,Shillong Quartzite,18.6,91.5,0.38,11.22,0.86,3
25.74246,91.92986,43.49,527.8,39.36,8.9,8.91,Weathered Regolith / Phyllite,17.2,105.8,0.382,12.81,0.927,3
25.72297,91.87136,56.09,980.6,47.05,23.8,8.37,Shillong Quartzite,12.0,138.7,0.488,16.08,0.677,3
25.91093,91.82666,53.11,869.0,45.55,233.5,7.3,Weathered Regolith / Phyllite,47.6,141.9,0.498,16.0,0.705,3
25.80058,91.87224,48.04,610.4,46.78,347.4,6.39,Granite Gneiss,3.2,162.4,0.597,17.81,0.647,3
25.74376,91.90759,58.12,1092.6,42.1,198.7,7.2,Weathered Regolith / Phyllite,15.0,115.7,0.438,13.17,0.853,3
25.80673,91.87855,66.14,1368.0,36.27,182.4,8.56,Shillong Quartzite,15.6,122.3,0.517,14.42,0.963,3
25.68758,91.91737,69.97,1399.6,40.53,114.6,6.92,Shillong Quartzite,17.7,113.5,0.423,12.82,0.898,3
25.76989,91.86641,58.23,1051.2,45.22,92.4,7.5,Weathered Regolith / Phyllite,133.3,182.0,0.558,20.34,0.646,3
25.81908,91.90252,52.14,822.0,41.64,7.6,7.85,Weathered Regolith / Phyllite,6.9,154.2,0.579,17.52,0.74,3
25.782,91.84423,46.76,628.0,35.98,98.3,8.15,Granite Gneiss,3.0,76.4,0.404,9.37,1.121,2
25.75848,91.91742,47.71,642.8,44.02,161.7,8.9,Weathered Regolith / Phyllite,26.9,127.0,0.463,15.05,0.761,3
25.91834,91.89094,54.38,898.9,36.29,71.3,8.28,Colluvial Debris,5.3,82.3,0.375,10.06,1.091,2
25.88768,91.84653,51.02,764.6,36.97,31.4,8.59,Colluvial Debris,108.7,191.4,0.612,21.77,0.73,3
25.81832,91.85795,67.41,1402.1,46.69,258.4,7.72,Shillong Quartzite,15.6,90.6,0.388,10.71,0.834,3
25.80373,91.91732,51.05,785.6,48.77,322.1,8.32,Granite Gneiss,6.9,101.4,0.388,12.1,0.761,3
25.81758,91.88274,51.2,764.4,33.63,337.2,7.28,Shillong Quartzite,12.5,142.6,0.59,16.06,0.997,3
25.70435,91.84808,51.51,801.7,45.33,222.5,6.66,Shillong Quartzite,8.4,59.8,0.296,7.02,0.961,3
25.75669,91.94575,65.1,1272.8,36.44,19.0,9.12,Colluvial Debris,2.7,55.3,0.324,7.52,1.161,2
25.66065,91.91297,59.52,1076.0,39.71,266.7,8.24,Weathered Regolith / Phyllite,23.0,102.1,0.412,12.15,0.937,3
25.7784,91.94443,58.43,1072.0,27.69,39.6,8.65,Weathered Regolith / Phyllite,0.8,64.1,0.22,8.27,1.5,1
25.79662,91.87552,50.02,739.8,49.36,241.1,7.33,Weathered Regolith / Phyllite,222.1,292.1,0.827,24.0,0.653,3
25.71149,91.88176,64.54,1236.0,50.26,280.6,7.05,Shillong Quartzite,11.7,136.6,0.469,15.34,0.657,3
25.91029,91.93673,41.15,385.9,50.45,261.3,7.52,Weathered Regolith / Phyllite,33.3,120.7,0.423,13.83,0.688,3
25.89555,91.88826,66.12,1314.0,46.42,342.7,6.21,Colluvial Debris,46.6,166.6,0.505,18.18,0.646,3
25.84498,91.91195,55.38,988.2,36.16,265.7,7.76,Weathered Regolith / Phyllite,9.2,113.6,0.502,13.18,1.003,3
25.79401,91.85278,51.95,813.2,39.91,249.6,7.63,Granite Gneiss,38.7,94.3,0.343,11.08,0.962,3
25.88489,91.87807,54.92,902.0,33.83,94.2,8.06,Weathered Regolith / Phyllite,50.0,102.0,0.397,12.06,1.111,2
25.68528,91.83605,60.02,1070.5,46.73,332.9,7.85,Weathered Regolith / Phyllite,7.7,86.3,0.349,10.31,0.844,3
25.86344,91.84678,40.38,344.5,42.4,64.6,9.09,Weathered Regolith / Phyllite,137.0,236.1,0.657,24.0,0.648,3
25.6837,91.82012,66.15,1362.2,41.54,325.8,8.07,Weathered Regolith / Phyllite,0.6,105.9,0.444,12.48,0.885,3
25.86444,91.8251,53.4,888.5,43.71,112.6,8.67,Shillong Quartzite,6.8,93.6,0.404,11.41,0.869,3
25.72446,91.94705,50.29,790.9,36.17,46.9,8.02,Colluvial Debris,198.9,299.4,0.819,24.0,0.685,3
25.88681,91.85151,44.15,555.2,37.16,297.6,8.17,Weathered Regolith / Phyllite,6.0,106.8,0.378,12.62,0.991,2
25.90489,91.90623,53.18,829.2,34.76,0.9,6.31,Shillong Quartzite,33.5,78.2,0.373,8.83,1.177,2
25.69017,91.92908,54.89,908.5,39.6,299.6,6.51,Weathered Regolith / Phyllite,54.2,134.0,0.492,14.84,0.863,3
25.77492,91.89159,52.11,803.8,38.03,94.4,8.02,Weathered Regolith / Phyllite,89.6,171.4,0.551,19.42,0.771,3
25.91487,91.83991,60.36,1095.9,37.07,318.5,7.57,Shillong Quartzite,18.0,90.3,0.436,10.62,1.052,2
25.78052,91.91466,52.63,825.5,45.22,248.9,8.34,Weathered Regolith / Phyllite,99.2,197.8,0.678,22.36,0.646,3
25.88316,91.89803,68.84,1453.7,48.74,239.8,7.55,Colluvial Debris,14.9,132.7,0.452,15.12,0.677,3
25.80896,91.91506,57.98,1110.1,47.91,131.5,8.52,Granite Gneiss,6.9,156.4,0.608,18.03,0.649,3
25.75134,91.92007,64.22,1213.0,45.33,21.4,9.11,Weathered Regolith / Phyllite,20.2,120.1,0.433,14.41,0.754,3
25.72716,91.9468,43.28,508.1,38.47,298.8,6.63,Shillong Quartzite,29.4,117.5,0.428,13.13,0.94,3
25.70487,91.89456,51.92,825.8,43.48,61.5,7.34,Weathered Regolith / Phyllite,17.1,182.7,0.611,20.35,0.646,3
25.85569,91.86441,50.11,714.5,35.5,134.0,8.32,Granite Gneiss,183.4,256.0,0.757,24.0,0.703,3
25.75437,91.9043,57.08,1000.1,49.63,216.1,6.85,Granite Gneiss,15.1,72.5,0.341,8.44,0.853,3
25.78804,91.8289,65.83,1318.2,39.66,173.6,7.07,Granite Gneiss,20.8,121.1,0.37,13.7,0.894,3
25.78293,91.93666,42.35,479.1,48.22,71.5,8.28,Weathered Regolith / Phyllite,85.4,146.9,0.439,16.92,0.65,3
25.80587,91.83552,42.18,501.3,44.68,50.6,9.22,Weathered Regolith / Phyllite,19.4,175.4,0.515,20.33,0.646,3
25.88371,91.86262,65.51,1292.8,40.33,44.4,8.44,Shillong Quartzite,8.2,90.3,0.379,10.97,0.955,3
25.9148,91.92605,46.39,508.9,42.88,310.7,7.7,Colluvial Debris,39.8,95.0,0.368,11.17,0.892,3
25.76005,91.89765,60.06,1063.8,49.27,11.4,7.27,Colluvial Debris,11.5,104.6,0.395,12.02,0.756,3
